Ping_date, Ping_time, Ping_milliseconds, Target_range, Target_on_axis_depth, TS_comp, TS_uncomp, Angle_minor_axis, Angle_major_axis, PulseLengthDeterminationLevel, Samples_above_PLDL, StandDev_Angles_Minor_Axis, StandDev_Angles_Major_Axis, PulseLength_Normalized_6dB, PulseLength_Normalized_12dB, PulseLength_Normalized_18dB, PulseLength_Normalized_PLDL, Pulse_Start_Normalized_6dB, Pulse_Start_Normalized_12dB, Pulse_Start_Normalized_18dB, Pulse_Start_Normalized_PLDL, Transmitted_pulse_length, Target_true_depth, Target_latitude, Target_longitude, Target_northing, Target_easting, Exclude_below_line_depth, Target_length, Target_length_uncompensated, Target_length_manual, Target_perimeter, Target_area, Target_intensity_variation, Target_compactness, Target_thickness, Target_length_across_beams, Target_range_extent, Ping_number, Target_class, Target_orientation, 
2014-04-02, 00:08:04, 607.0, 23.78983206, 23.78983206, -38.852535, -42.468599, 0.36685, -2.6902, 6.000000, 4, 0.030571, 0.000000, 0.750000, 1.250000, 1.750000, 0.750000, -0.500000, -0.500000, -0.750000, -0.500000, 0.064000, 23.763127, 37.982043, -119.909276, 0.152151, -1.116579, 60.094406, -9.9e+37, -9.9e+37, -9.9e+37, -9.9e+37, -9.9e+37, -9.9e+37, -9.9e+37, -9.9e+37, -9.9e+37, -9.9e+37, 65, Unclassified, -9.9e+37, 
2014-04-02, 00:08:05, 107.0, 23.8320932890, 23.8320932890, -45.121365, -48.737429, 0.36685, -2.6902, 6.000000, 5, 0.000000, 0.069712, 1.000000, 1.500000, 2.000000, 1.000000, -0.500000, -0.750000, -0.750000, -0.500000, 0.064000, 23.805341, 37.982043, -119.909276, 0.152421, -1.118562, 60.092089, -9.9e+37, -9.9e+37, -9.9e+37, -9.9e+37, -9.9e+37, -9.9e+37, -9.9e+37, -9.9e+37, -9.9e+37, -9.9e+37, 66, Unclassified, -9.9e+37, 
2014-04-02, 00:08:15, 107.0, 25.1101121366, 25.1101121366, -47.462985, -50.039376, -0.36685, -2.2622, 6.000000, 4, 0.030571, 0.035300, 0.750000, 1.250000, 1.500000, 0.750000, -0.500000, -0.750000, -0.750000, -0.500000, 0.064000, 25.090029, 37.982057, -119.909262, 0.991157, -0.160647, 60.045768, -9.9e+37, -9.9e+37, -9.9e+37, -9.9e+37, -9.9e+37, -9.9e+37, -9.9e+37, -9.9e+37, -9.9e+37, -9.9e+37, 86, Unclassified, -9.9e+37, 
2014-04-02, 00:08:15, 607.0, 25.1458372782, 25.1458372782, -38.902085, -40.052153, -0.061141, -1.5285, 6.000000, 4, 0.030571, 0.000000, 0.750000, 1.250000, 1.750000, 0.750000, -0.500000, -0.500000, -0.750000, -0.500000, 0.064000, 25.136875, 37.982052, -119.909266, 0.394154, -0.543399, 60.043452, -9.9e+37, -9.9e+37, -9.9e+37, -9.9e+37, -9.9e+37, -9.9e+37, -9.9e+37, -9.9e+37, -9.9e+37, -9.9e+37, 87, Unclassified, -9.9e+37, 
2014-04-02, 00:08:16, 107.0, 25.1699214579, 25.1699214579, -33.874314, -34.848014, 0.061141, -1.4063, 6.000000, 4, 0.035300, 0.030571, 0.750000, 1.250000, 1.750000, 0.750000, -0.500000, -0.500000, -0.750000, -0.500000, 0.064000, 25.162326, 37.982052, -119.909265, 0.403464, -0.468502, 60.041136, -9.9e+37, -9.9e+37, -9.9e+37, -9.9e+37, -9.9e+37, -9.9e+37, -9.9e+37, -9.9e+37, -9.9e+37, -9.9e+37, 88, Unclassified, -9.9e+37, 
2014-04-02, 00:08:16, 607.0, 25.1821423653, 25.1821423653, -40.444649, -41.423700, -0.12228, -1.4063, 6.000000, 4, 0.000000, 0.030571, 0.750000, 1.250000, 1.500000, 0.750000, -0.250000, -0.500000, -0.500000, -0.250000, 0.064000, 25.174501, 37.982051, -119.909266, 0.340365, -0.518618, 60.038820, -9.9e+37, -9.9e+37, -9.9e+37, -9.9e+37, -9.9e+37, -9.9e+37, -9.9e+37, -9.9e+37, -9.9e+37, -9.9e+37, 89, Unclassified, -9.9e+37, 
2014-04-02, 00:08:17, 107.0, 25.2179519666, 25.2179519666, -43.347679, -43.512960, 0.18342, 0.55027, 6.000000, 4, 0.000000, 0.000000, 0.750000, 1.500000, 1.750000, 0.750000, -0.500000, -0.750000, -0.750000, -0.500000, 0.064000, 25.216660, 37.982048, -119.909257, -0.086522, 0.240182, 60.036504, -9.9e+37, -9.9e+37, -9.9e+37, -9.9e+37, -9.9e+37, -9.9e+37, -9.9e+37, -9.9e+37, -9.9e+37, -9.9e+37, 90, Unclassified, -9.9e+37, 
2014-04-02, 00:08:17, 607.0, 25.2181406470, 25.2181406470, -45.464077, -45.511843, 0.30571, 0.061141, 6.000000, 4, 0.000000, 0.030571, 0.750000, 1.250000, 1.750000, 0.750000, -0.250000, -0.500000, -0.750000, -0.250000, 0.064000, 25.217767, 37.982051, -119.909257, 0.089016, 0.104427, 60.034188, -9.9e+37, -9.9e+37, -9.9e+37, -9.9e+37, -9.9e+37, -9.9e+37, -9.9e+37, -9.9e+37, -9.9e+37, -9.9e+37, 91, Unclassified, -9.9e+37, 
2014-04-02, 00:08:18, 107.0, 25.1879916469, 25.1879916469, -48.199449, -48.333512, 0.18342, -0.48913, 6.000000, 5, 0.000000, 0.027343, 1.000000, 1.250000, 1.750000, 1.000000, -0.500000, -0.500000, -0.750000, -0.500000, 0.064000, 25.186945, 37.982052, -119.909260, 0.196434, -0.118960, 60.031872, -9.9e+37, -9.9e+37, -9.9e+37, -9.9e+37, -9.9e+37, -9.9e+37, -9.9e+37, -9.9e+37, -9.9e+37, -9.9e+37, 92, Unclassified, -9.9e+37, 
2014-04-02, 00:08:45, 607.0, 23.0820445313, 23.0820445313, -47.768269, -48.149491, -0.48913, -0.7337, 6.000000, 4, 0.000000, 0.000000, 0.750000, 1.250000, 1.500000, 0.750000, -0.500000, -0.750000, -0.750000, -0.500000, 0.064000, 23.079311, 37.982042, -119.909248, -0.295557, 0.197032, 59.904489, -9.9e+37, -9.9e+37, -9.9e+37, -9.9e+37, -9.9e+37, -9.9e+37, -9.9e+37, -9.9e+37, -9.9e+37, -9.9e+37, 147, Unclassified, -9.9e+37, 
2014-04-02, 00:08:46, 107.0, 23.0818767607, 23.0818767607, -41.808533, -42.023199, -0.36685, -0.55027, 6.000000, 4, 0.000000, 0.035300, 0.750000, 1.250000, 1.750000, 0.750000, -0.500000, -0.500000, -0.750000, -0.500000, 0.064000, 23.080339, 37.982043, -119.909250, -0.221672, 0.147779, 59.902173, -9.9e+37, -9.9e+37, -9.9e+37, -9.9e+37, -9.9e+37, -9.9e+37, -9.9e+37, -9.9e+37, -9.9e+37, -9.9e+37, 148, Unclassified, -9.9e+37, 
2014-04-02, 00:08:46, 607.0, 23.0818077272, 23.0818077272, -37.122280, -37.390217, -0.30571, -0.67255, 6.000000, 4, 0.000000, 0.000000, 0.750000, 1.250000, 1.750000, 0.750000, -0.500000, -0.500000, -0.750000, -0.500000, 0.064000, 23.079889, 37.982044, -119.909255, -0.123146, -0.270932, 59.899856, -9.9e+37, -9.9e+37, -9.9e+37, -9.9e+37, -9.9e+37, -9.9e+37, -9.9e+37, -9.9e+37, -9.9e+37, -9.9e+37, 149, Unclassified, -9.9e+37, 
2014-04-02, 00:08:47, 107.0, 23.0939391363, 23.0939391363, -34.563597, -34.793207, -0.12228, -0.67255, 6.000000, 4, 0.000000, 0.000000, 0.750000, 1.250000, 1.500000, 0.750000, -0.500000, -0.750000, -0.750000, -0.500000, 0.064000, 23.092296, 37.982045, -119.909255, -0.049285, -0.271077, 59.897540, -9.9e+37, -9.9e+37, -9.9e+37, -9.9e+37, -9.9e+37, -9.9e+37, -9.9e+37, -9.9e+37, -9.9e+37, -9.9e+37, 150, Unclassified, -9.9e+37, 
2014-04-02, 00:08:47, 607.0, 23.1060414462, 23.1060414462, -34.984216, -35.206526, 0, -0.67255, 6.000000, 4, 0.000000, 0.000000, 0.750000, 1.250000, 1.500000, 0.750000, -0.500000, -0.750000, -0.750000, -0.500000, 0.064000, 23.104450, 37.982044, -119.909252, -0.271220, 0.000000, 59.895224, -9.9e+37, -9.9e+37, -9.9e+37, -9.9e+37, -9.9e+37, -9.9e+37, -9.9e+37, -9.9e+37, -9.9e+37, -9.9e+37, 151, Unclassified, -9.9e+37, 
2014-04-02, 00:08:48, 107.0, 23.1181259567, 23.1181259567, -33.735581, -34.102956, 0.12228, -0.85598, 6.000000, 4, 0.000000, 0.030571, 0.750000, 1.250000, 1.500000, 0.750000, -0.250000, -0.500000, -0.500000, -0.250000, 0.064000, 23.115493, 37.982044, -119.909254, -0.345364, -0.049334, 59.892908, -9.9e+37, -9.9e+37, -9.9e+37, -9.9e+37, -9.9e+37, -9.9e+37, -9.9e+37, -9.9e+37, -9.9e+37, -9.9e+37, 152, Unclassified, -9.9e+37, 
2014-04-02, 00:08:48, 607.0, 23.1300309062, 23.1300309062, -34.988051, -35.269023, 0.18342, -0.7337, 6.000000, 4, 0.000000, 0.030571, 0.750000, 1.250000, 1.500000, 0.750000, -0.500000, -0.750000, -0.750000, -0.500000, 0.064000, 23.128016, 37.982044, -119.909254, -0.296181, -0.074041, 59.890592, -9.9e+37, -9.9e+37, -9.9e+37, -9.9e+37, -9.9e+37, -9.9e+37, -9.9e+37, -9.9e+37, -9.9e+37, -9.9e+37, 153, Unclassified, -9.9e+37, 
2014-04-02, 00:08:49, 107.0, 23.1419554727, 23.1419554727, -36.546269, -37.081822, 0.36685, -0.97826, 6.000000, 4, 0.000000, 0.030571, 0.750000, 1.000000, 1.500000, 0.750000, -0.500000, -0.500000, -0.750000, -0.500000, 0.064000, 23.138108, 37.982043, -119.909256, -0.395097, -0.148149, 59.888276, -9.9e+37, -9.9e+37, -9.9e+37, -9.9e+37, -9.9e+37, -9.9e+37, -9.9e+37, -9.9e+37, -9.9e+37, -9.9e+37, 154, Unclassified, -9.9e+37, 
2014-04-02, 00:08:49, 607.0, 23.1599291021, 23.1599291021, -38.613115, -39.089539, 0.48913, -0.85598, 6.000000, 5, 0.000000, 0.027343, 1.000000, 1.250000, 1.750000, 1.000000, -0.500000, -0.500000, -0.750000, -0.500000, 0.064000, 23.156501, 37.982044, -119.909257, -0.345977, -0.197691, 59.885960, -9.9e+37, -9.9e+37, -9.9e+37, -9.9e+37, -9.9e+37, -9.9e+37, -9.9e+37, -9.9e+37, -9.9e+37, -9.9e+37, 155, Unclassified, -9.9e+37, 
2014-04-02, 00:08:50, 107.0, 23.1779108583, 23.1779108583, -37.918503, -38.498525, 0.67255, -0.85598, 6.000000, 4, 0.000000, 0.000000, 0.750000, 1.500000, 1.750000, 0.750000, -0.500000, -0.750000, -0.750000, -0.500000, 0.064000, 23.173728, 37.982044, -119.909258, -0.346234, -0.272033, 59.883644, -9.9e+37, -9.9e+37, -9.9e+37, -9.9e+37, -9.9e+37, -9.9e+37, -9.9e+37, -9.9e+37, -9.9e+37, -9.9e+37, 156, Unclassified, -9.9e+37, 
2014-04-02, 00:08:50, 607.0, 23.1899018428, 23.1899018428, -38.078705, -39.147148, 0.91712, -1.1617, 6.000000, 4, 0.000000, 0.000000, 0.750000, 1.250000, 1.500000, 0.750000, -0.500000, -0.500000, -0.750000, -0.500000, 0.064000, 23.182167, 37.982042, -119.909259, -0.470090, -0.371104, 59.881328, -9.9e+37, -9.9e+37, -9.9e+37, -9.9e+37, -9.9e+37, -9.9e+37, -9.9e+37, -9.9e+37, -9.9e+37, -9.9e+37, 157, Unclassified, -9.9e+37, 
2014-04-02, 00:08:51, 107.0, 23.2139931918, 23.2139931918, -37.552672, -38.609918, 0.97826, -1.1005, 6.000000, 4, 0.000000, 0.030571, 0.750000, 1.250000, 1.500000, 0.750000, -0.500000, -0.750000, -0.750000, -0.500000, 0.064000, 23.206329, 37.982043, -119.909260, -0.445806, -0.396262, 59.879012, -9.9e+37, -9.9e+37, -9.9e+37, -9.9e+37, -9.9e+37, -9.9e+37, -9.9e+37, -9.9e+37, -9.9e+37, -9.9e+37, 158, Unclassified, -9.9e+37, 
2014-04-02, 00:08:51, 607.0, 23.2257965161, 23.2257965161, -38.572754, -40.258223, 1.2228, -1.4063, 6.000000, 4, 0.000000, 0.000000, 0.750000, 1.250000, 1.750000, 0.750000, -0.500000, -0.500000, -0.750000, -0.500000, 0.064000, 23.213517, 37.982042, -119.909261, -0.569862, -0.495508, 59.876696, -9.9e+37, -9.9e+37, -9.9e+37, -9.9e+37, -9.9e+37, -9.9e+37, -9.9e+37, -9.9e+37, -9.9e+37, -9.9e+37, 159, Unclassified, -9.9e+37, 
2014-04-02, 00:08:52, 107.0, 23.2621507466, 23.2621507466, -34.336684, -36.336117, 1.4063, -1.4674, 6.000000, 4, 0.000000, 0.030571, 0.750000, 1.250000, 1.500000, 0.750000, -0.250000, -0.500000, -0.500000, -0.250000, 0.064000, 23.247523, 37.982041, -119.909261, -0.595520, -0.570697, 59.874380, -9.9e+37, -9.9e+37, -9.9e+37, -9.9e+37, -9.9e+37, -9.9e+37, -9.9e+37, -9.9e+37, -9.9e+37, -9.9e+37, 160, Unclassified, -9.9e+37, 
2014-04-02, 00:08:52, 607.0, 23.2737884140, 23.2737884140, -33.899095, -35.997309, 1.5897, -1.3451, 6.000000, 4, 0.000000, 0.030571, 0.750000, 1.250000, 1.750000, 0.750000, -0.500000, -0.500000, -0.750000, -0.500000, 0.064000, 23.258425, 37.982048, -119.909266, 0.168863, -0.828481, 59.872064, -9.9e+37, -9.9e+37, -9.9e+37, -9.9e+37, -9.9e+37, -9.9e+37, -9.9e+37, -9.9e+37, -9.9e+37, -9.9e+37, 161, Unclassified, -9.9e+37, 
2014-04-02, 00:08:53, 107.0, 23.2861106678, 23.2861106678, -38.795628, -41.455122, 1.8342, -1.4674, 6.000000, 4, 0.000000, 0.000000, 0.750000, 1.250000, 1.500000, 0.750000, -0.250000, -0.500000, -0.500000, -0.250000, 0.064000, 23.266554, 37.982049, -119.909267, 0.216232, -0.929325, 59.869748, -9.9e+37, -9.9e+37, -9.9e+37, -9.9e+37, -9.9e+37, -9.9e+37, -9.9e+37, -9.9e+37, -9.9e+37, -9.9e+37, 162, Unclassified, -9.9e+37, 
2014-04-02, 00:08:53, 607.0, 23.2859759147, 23.2859759147, -42.885725, -45.347456, 1.8954, -1.2228, 6.000000, 4, 0.035300, 0.035300, 0.750000, 1.500000, 1.750000, 0.750000, -0.500000, -0.750000, -0.750000, -0.500000, 0.064000, 23.267941, 37.982049, -119.909267, 0.297281, -0.866722, 59.867432, -9.9e+37, -9.9e+37, -9.9e+37, -9.9e+37, -9.9e+37, -9.9e+37, -9.9e+37, -9.9e+37, -9.9e+37, -9.9e+37, 163, Unclassified, -9.9e+37, 
2014-04-02, 00:08:54, 107.0, 23.2858604150, 23.2858604150, -40.729145, -43.172139, 2.0177, -0.97826, 6.000000, 4, 0.000000, 0.058538, 0.750000, 1.250000, 1.750000, 0.750000, -0.500000, -0.500000, -0.750000, -0.500000, 0.064000, 23.268036, 37.982050, -119.909266, 0.397833, -0.819471, 59.865116, -9.9e+37, -9.9e+37, -9.9e+37, -9.9e+37, -9.9e+37, -9.9e+37, -9.9e+37, -9.9e+37, -9.9e+37, -9.9e+37, 164, Unclassified, -9.9e+37, 
2014-04-02, 00:08:54, 607.0, 23.2859699396, 23.2859699396, -40.018912, -42.831039, 2.0788, -1.2228, 6.000000, 4, 0.030571, 0.000000, 0.750000, 1.250000, 1.750000, 0.750000, -0.500000, -0.750000, -0.750000, -0.500000, 0.064000, 23.265352, 37.982050, -119.909267, 0.355813, -0.912787, 59.862800, -9.9e+37, -9.9e+37, -9.9e+37, -9.9e+37, -9.9e+37, -9.9e+37, -9.9e+37, -9.9e+37, -9.9e+37, -9.9e+37, 165, Unclassified, -9.9e+37, 
2014-04-02, 00:08:55, 107.0, 23.2858888762, 23.2858888762, -39.166822, -41.972699, 2.1399, -1.1005, 6.000000, 4, 0.000000, 0.000000, 0.750000, 1.250000, 1.750000, 0.750000, -0.500000, -0.500000, -0.750000, -0.500000, 0.064000, 23.265363, 37.982052, -119.909268, 0.406088, -0.889164, 59.860483, -9.9e+37, -9.9e+37, -9.9e+37, -9.9e+37, -9.9e+37, -9.9e+37, -9.9e+37, -9.9e+37, -9.9e+37, -9.9e+37, 166, Unclassified, -9.9e+37, 
2014-04-02, 00:08:55, 607.0, 23.2980258183, 23.2980258183, -38.377561, -41.327757, 2.2622, -0.97826, 6.000000, 4, 0.000000, 0.000000, 0.750000, 1.250000, 1.500000, 0.750000, -0.500000, -0.750000, -0.750000, -0.500000, 0.064000, 23.276480, 37.982057, -119.909263, 0.919514, -0.397460, 59.858167, -9.9e+37, -9.9e+37, -9.9e+37, -9.9e+37, -9.9e+37, -9.9e+37, -9.9e+37, -9.9e+37, -9.9e+37, -9.9e+37, 167, Unclassified, -9.9e+37, 
2014-04-02, 00:08:58, 607.0, 23.0461130019, 23.0461130019, -48.190385, -50.777971, 2.2011, -0.67255, 6.000000, 4, 0.030571, 0.058538, 0.750000, 1.250000, 2.000000, 0.750000, -0.250000, -0.500000, -0.750000, -0.250000, 0.064000, 23.027525, 37.982056, -119.909261, 0.885069, -0.270317, 59.844271, -9.9e+37, -9.9e+37, -9.9e+37, -9.9e+37, -9.9e+37, -9.9e+37, -9.9e+37, -9.9e+37, -9.9e+37, -9.9e+37, 173, Unclassified, -9.9e+37, 
2014-04-02, 00:08:59, 107.0, 23.0219164649, 23.0219164649, -43.095840, -45.647590, 2.2011, -0.61141, 6.000000, 4, 0.000000, 0.030571, 0.750000, 1.000000, 1.500000, 0.750000, -0.500000, -0.500000, -0.750000, -0.500000, 0.064000, 23.003623, 37.982058, -119.909261, 0.884150, -0.245486, 59.841955, -9.9e+37, -9.9e+37, -9.9e+37, -9.9e+37, -9.9e+37, -9.9e+37, -9.9e+37, -9.9e+37, -9.9e+37, -9.9e+37, 174, Unclassified, -9.9e+37, 
2014-04-02, 00:08:59, 607.0, 23.0219854522, 23.0219854522, -35.995902, -38.204096, 2.0788, -0.42799, 6.000000, 4, 0.000000, 0.000000, 0.750000, 1.250000, 1.500000, 0.750000, -0.500000, -0.750000, -0.750000, -0.500000, 0.064000, 23.006193, 37.982058, -119.909260, 0.835080, -0.171856, 59.839639, -9.9e+37, -9.9e+37, -9.9e+37, -9.9e+37, -9.9e+37, -9.9e+37, -9.9e+37, -9.9e+37, -9.9e+37, -9.9e+37, 175, Unclassified, -9.9e+37, 
2014-04-02, 00:09:00, 107.0, 23.0338240777, 23.0338240777, -32.997576, -35.136946, 2.0788, -0.18342, 6.000000, 4, 0.000000, 0.030571, 0.750000, 1.250000, 1.750000, 0.750000, -0.500000, -0.500000, -0.750000, -0.500000, 0.064000, 23.018547, 37.982058, -119.909259, 0.835528, -0.073691, 59.837323, -9.9e+37, -9.9e+37, -9.9e+37, -9.9e+37, -9.9e+37, -9.9e+37, -9.9e+37, -9.9e+37, -9.9e+37, -9.9e+37, 176, Unclassified, -9.9e+37, 
2014-04-02, 00:09:00, 607.0, 23.0578318315, 23.0578318315, -32.949917, -34.952432, 2.0177, -0.061141, 6.000000, 4, 0.000000, 0.030571, 0.750000, 1.250000, 1.750000, 0.750000, -0.500000, -0.500000, -0.750000, -0.500000, 0.064000, 23.043523, 37.982057, -119.909259, 0.811813, -0.024590, 59.835007, -9.9e+37, -9.9e+37, -9.9e+37, -9.9e+37, -9.9e+37, -9.9e+37, -9.9e+37, -9.9e+37, -9.9e+37, -9.9e+37, 177, Unclassified, -9.9e+37, 
2014-04-02, 00:09:01, 107.0, 23.0940609200, 23.0940609200, -33.705400, -35.733825, 2.0177, 0.24457, 6.000000, 4, 0.000000, 0.030571, 0.750000, 1.250000, 1.500000, 0.750000, -0.500000, -0.750000, -0.750000, -0.500000, 0.064000, 23.079533, 37.982058, -119.909257, 0.813082, 0.098515, 59.832691, -9.9e+37, -9.9e+37, -9.9e+37, -9.9e+37, -9.9e+37, -9.9e+37, -9.9e+37, -9.9e+37, -9.9e+37, -9.9e+37, 178, Unclassified, -9.9e+37, 
2014-04-02, 00:09:01, 607.0, 23.1301412333, 23.1301412333, -34.212511, -36.386035, 2.0177, 0.61141, 6.000000, 4, 0.000000, 0.000000, 0.750000, 1.250000, 1.500000, 0.750000, -0.250000, -0.500000, -0.500000, -0.250000, 0.064000, 23.114486, 37.982056, -119.909250, 0.486840, 0.697810, 59.830375, -9.9e+37, -9.9e+37, -9.9e+37, -9.9e+37, -9.9e+37, -9.9e+37, -9.9e+37, -9.9e+37, -9.9e+37, -9.9e+37, 179, Unclassified, -9.9e+37, 
2014-04-02, 00:09:02, 107.0, 23.1538591178, 23.1538591178, -35.162970, -37.577637, 2.0788, 0.79484, 6.000000, 4, 0.000000, 0.000000, 0.750000, 1.250000, 1.750000, 0.750000, -0.500000, -0.500000, -0.750000, -0.500000, 0.064000, 23.136398, 37.982056, -119.909250, 0.460859, 0.771954, 59.828059, -9.9e+37, -9.9e+37, -9.9e+37, -9.9e+37, -9.9e+37, -9.9e+37, -9.9e+37, -9.9e+37, -9.9e+37, -9.9e+37, 180, Unclassified, -9.9e+37, 
2014-04-02, 00:09:02, 607.0, 23.1900874887, 23.1900874887, -36.877199, -39.558560, 2.0788, 1.1005, 6.000000, 4, 0.000000, 0.000000, 0.750000, 1.250000, 1.500000, 0.750000, -0.500000, -0.750000, -0.750000, -0.500000, 0.064000, 23.170556, 37.982055, -119.909248, 0.384988, 0.870214, 59.825743, -9.9e+37, -9.9e+37, -9.9e+37, -9.9e+37, -9.9e+37, -9.9e+37, -9.9e+37, -9.9e+37, -9.9e+37, -9.9e+37, 181, Unclassified, -9.9e+37, 
2014-04-02, 00:09:03, 107.0, 23.2141815458, 23.2141815458, -34.221548, -36.845915, 2.0177, 1.1617, 6.000000, 4, 0.030571, 0.030571, 0.750000, 1.250000, 1.500000, 0.750000, -0.250000, -0.500000, -0.500000, -0.250000, 0.064000, 23.195027, 37.982056, -119.909247, 0.350603, 0.875238, 59.823426, -9.9e+37, -9.9e+37, -9.9e+37, -9.9e+37, -9.9e+37, -9.9e+37, -9.9e+37, -9.9e+37, -9.9e+37, -9.9e+37, 182, Unclassified, -9.9e+37, 
2014-04-02, 00:09:03, 607.0, 23.2260935135, 23.2260935135, -33.700393, -36.706766, 2.1399, 1.284, 6.000000, 4, 0.000000, 0.000000, 0.750000, 1.250000, 1.750000, 0.750000, -0.250000, -0.500000, -0.500000, -0.250000, 0.064000, 23.204076, 37.982061, -119.909251, 0.867058, 0.520080, 59.821110, -9.9e+37, -9.9e+37, -9.9e+37, -9.9e+37, -9.9e+37, -9.9e+37, -9.9e+37, -9.9e+37, -9.9e+37, -9.9e+37, 183, Unclassified, -9.9e+37, 
2014-04-02, 00:09:04, 107.0, 23.2260348741, 23.2260348741, -38.528493, -41.892526, 2.2011, 1.4674, 6.000000, 4, 0.000000, 0.030571, 0.750000, 1.250000, 1.500000, 0.750000, -0.500000, -0.750000, -0.750000, -0.500000, 0.064000, 23.201298, 37.982061, -119.909250, 0.891748, 0.594336, 59.818794, -9.9e+37, -9.9e+37, -9.9e+37, -9.9e+37, -9.9e+37, -9.9e+37, -9.9e+37, -9.9e+37, -9.9e+37, -9.9e+37, 184, Unclassified, -9.9e+37, 
2014-04-02, 00:12:03, 607.0, 23.3461452467, 23.3461452467, -42.022882, -45.309896, 2.0788, -1.5897, 6.000000, 4, 0.030571, 0.000000, 0.750000, 1.250000, 1.500000, 0.750000, -0.250000, -0.500000, -0.500000, -0.250000, 0.064000, 23.321813, 37.982139, -119.909152, 0.647233, 0.846536, 58.601359, -9.9e+37, -9.9e+37, -9.9e+37, -9.9e+37, -9.9e+37, -9.9e+37, -9.9e+37, -9.9e+37, -9.9e+37, -9.9e+37, 543, Unclassified, -9.9e+37, 
2014-04-02, 00:12:04, 107.0, 23.3340917411, 23.3340917411, -38.251923, -41.274676, 1.8342, -1.712, 6.000000, 4, 0.030571, 0.030571, 0.750000, 1.250000, 1.500000, 0.750000, -0.250000, -0.500000, -0.500000, -0.250000, 0.064000, 23.311736, 37.982140, -119.909153, 0.696748, 0.746548, 58.600509, -9.9e+37, -9.9e+37, -9.9e+37, -9.9e+37, -9.9e+37, -9.9e+37, -9.9e+37, -9.9e+37, -9.9e+37, -9.9e+37, 544, Unclassified, -9.9e+37, 
2014-04-02, 00:12:04, 607.0, 23.3218718486, 23.3218718486, -35.371206, -38.297906, 1.8342, -1.6508, 6.000000, 4, 0.030571, 0.030571, 0.750000, 1.250000, 1.750000, 0.750000, -0.500000, -0.500000, -0.750000, -0.500000, 0.064000, 23.300257, 37.982139, -119.909153, 0.671519, 0.746181, 58.599659, -9.9e+37, -9.9e+37, -9.9e+37, -9.9e+37, -9.9e+37, -9.9e+37, -9.9e+37, -9.9e+37, -9.9e+37, -9.9e+37, 545, Unclassified, -9.9e+37, 
2014-04-02, 00:12:10, 107.0, 22.9021307918, 22.9021307918, -49.091125, -49.533544, 0.91712, -0.24457, 6.000000, 4, 0.035300, 0.030571, 0.750000, 1.250000, 1.500000, 0.750000, -0.250000, -0.500000, -0.500000, -0.250000, 0.064000, 22.898988, 37.982138, -119.909157, 0.344066, 0.159834, 58.590311, -9.9e+37, -9.9e+37, -9.9e+37, -9.9e+37, -9.9e+37, -9.9e+37, -9.9e+37, -9.9e+37, -9.9e+37, -9.9e+37, 556, Unclassified, -9.9e+37, 
2014-04-02, 00:12:10, 607.0, 22.8900135825, 22.8900135825, -39.897638, -40.312839, 0.91712, -0.061141, 6.000000, 4, 0.049922, 0.000000, 0.750000, 1.250000, 1.500000, 0.750000, -0.500000, -0.750000, -0.750000, -0.500000, 0.064000, 22.887068, 37.982138, -119.909156, 0.296939, 0.216005, 58.589461, -9.9e+37, -9.9e+37, -9.9e+37, -9.9e+37, -9.9e+37, -9.9e+37, -9.9e+37, -9.9e+37, -9.9e+37, -9.9e+37, 557, Unclassified, -9.9e+37, 
2014-04-02, 00:12:11, 107.0, 22.8900325194, 22.8900325194, -33.602865, -34.045284, 0.91712, 0.24457, 6.000000, 4, 0.030571, 0.000000, 0.750000, 1.250000, 1.500000, 0.750000, -0.500000, -0.750000, -0.750000, -0.500000, 0.064000, 22.886892, 37.982137, -119.909154, 0.218692, 0.309758, 58.588611, -9.9e+37, -9.9e+37, -9.9e+37, -9.9e+37, -9.9e+37, -9.9e+37, -9.9e+37, -9.9e+37, -9.9e+37, -9.9e+37, 558, Unclassified, -9.9e+37, 
2014-04-02, 00:12:11, 607.0, 22.8901158242, 22.8901158242, -32.423863, -32.763486, 0.79484, 0.24457, 6.000000, 4, 0.030571, 0.030571, 0.750000, 1.250000, 1.500000, 0.750000, -0.250000, -0.500000, -0.500000, -0.250000, 0.064000, 22.887705, 37.982137, -119.909154, 0.181188, 0.278463, 58.587762, -9.9e+37, -9.9e+37, -9.9e+37, -9.9e+37, -9.9e+37, -9.9e+37, -9.9e+37, -9.9e+37, -9.9e+37, -9.9e+37, 559, Unclassified, -9.9e+37, 
2014-04-02, 00:12:12, 107.0, 22.8901022882, 22.8901022882, -35.557733, -35.867869, 0.7337, 0.30571, 6.000000, 4, 0.049922, 0.035300, 0.750000, 1.250000, 1.500000, 0.750000, -0.250000, -0.500000, -0.500000, -0.250000, 0.064000, 22.887900, 37.982137, -119.909154, 0.146785, 0.281565, 58.586912, -9.9e+37, -9.9e+37, -9.9e+37, -9.9e+37, -9.9e+37, -9.9e+37, -9.9e+37, -9.9e+37, -9.9e+37, -9.9e+37, 560, Unclassified, -9.9e+37, 
2014-04-02, 00:12:12, 607.0, 22.8899212523, 22.8899212523, -39.841912, -40.254121, 0.7337, 0.55027, 6.000000, 4, 0.266509, 0.135572, 0.750000, 1.500000, 2.000000, 0.750000, -0.500000, -0.750000, -0.750000, -0.500000, 0.064000, 22.886989, 37.982137, -119.909153, 0.084179, 0.356563, 58.586062, -9.9e+37, -9.9e+37, -9.9e+37, -9.9e+37, -9.9e+37, -9.9e+37, -9.9e+37, -9.9e+37, -9.9e+37, -9.9e+37, 561, Unclassified, -9.9e+37, 
2014-04-02, 00:12:13, 107.0, 22.9021556993, 22.9021556993, -39.689568, -40.196889, 0.85598, 0.55027, 6.000000, 4, 0.058538, 0.035300, 0.750000, 1.250000, 2.000000, 0.750000, -0.250000, -0.500000, -0.750000, -0.250000, 0.064000, 22.898544, 37.982138, -119.909152, 0.121750, 0.388062, 58.585212, -9.9e+37, -9.9e+37, -9.9e+37, -9.9e+37, -9.9e+37, -9.9e+37, -9.9e+37, -9.9e+37, -9.9e+37, -9.9e+37, 562, Unclassified, -9.9e+37, 
2014-04-02, 00:12:13, 607.0, 22.9018840167, 22.9018840167, -42.154218, -42.772333, 0.79484, 0.79484, 6.000000, 4, 0.061141, 0.030571, 0.750000, 1.250000, 2.000000, 0.750000, -0.500000, -0.500000, -0.750000, -0.500000, 0.064000, 22.897477, 37.982138, -119.909151, 0.040348, 0.447434, 58.584362, -9.9e+37, -9.9e+37, -9.9e+37, -9.9e+37, -9.9e+37, -9.9e+37, -9.9e+37, -9.9e+37, -9.9e+37, -9.9e+37, 563, Unclassified, -9.9e+37, 
2014-04-02, 00:12:14, 107.0, 22.9140440633, 22.9140440633, -42.983835, -43.985139, 0.91712, 1.1005, 6.000000, 4, 0.030571, 0.000000, 0.750000, 1.250000, 1.500000, 0.750000, -0.500000, -0.750000, -0.750000, -0.500000, 0.064000, 22.906883, 37.982138, -119.909149, -0.000427, 0.572812, 58.583512, -9.9e+37, -9.9e+37, -9.9e+37, -9.9e+37, -9.9e+37, -9.9e+37, -9.9e+37, -9.9e+37, -9.9e+37, -9.9e+37, 564, Unclassified, -9.9e+37, 
2014-04-02, 00:12:14, 607.0, 22.9261744360, 22.9261744360, -32.199022, -33.286123, 0.85598, 1.2228, 6.000000, 4, 0.000000, 0.030571, 0.750000, 1.250000, 1.500000, 0.750000, -0.250000, -0.500000, -0.500000, -0.250000, 0.064000, 22.918397, 37.982137, -119.909148, -0.050563, 0.594995, 58.582663, -9.9e+37, -9.9e+37, -9.9e+37, -9.9e+37, -9.9e+37, -9.9e+37, -9.9e+37, -9.9e+37, -9.9e+37, -9.9e+37, 565, Unclassified, -9.9e+37, 
2014-04-02, 00:12:21, 107.0, 22.3980433838, 22.3980433838, -33.960427, -37.505022, 1.1617, 2.4457, 6.000000, 4, 0.000000, 0.000000, 0.750000, 1.250000, 1.500000, 0.750000, -0.500000, -0.750000, -0.750000, -0.500000, 0.064000, 22.373051, 37.982140, -119.909139, -0.263958, 1.024338, 58.571615, -9.9e+37, -9.9e+37, -9.9e+37, -9.9e+37, -9.9e+37, -9.9e+37, -9.9e+37, -9.9e+37, -9.9e+37, -9.9e+37, 578, Unclassified, -9.9e+37, 
2014-04-02, 00:24:40, 608.0, 33.1618291336, 33.1618291336, -43.554935, -45.571268, 0.18342, 2.0177, 6.000000, 4, 0.030571, 0.030571, 0.750000, 1.000000, 3.000000, 0.750000, -0.500000, -0.500000, -0.750000, -0.500000, 0.064000, 33.141100, 37.980880, -119.910162, 0.802535, -0.854613, 43.622846, -9.9e+37, -9.9e+37, -9.9e+37, -9.9e+37, -9.9e+37, -9.9e+37, -9.9e+37, -9.9e+37, -9.9e+37, -9.9e+37, 2051, Unclassified, -9.9e+37, 
2014-04-02, 00:24:40, 608.0, 33.2461688096, 33.2461688096, -46.099536, -48.307730, -0.42799, 2.0788, 6.000000, 4, 0.030571, 0.030571, 0.750000, 2.750000, 3.250000, 0.750000, -0.250000, -2.000000, -2.250000, -0.250000, 0.064000, 33.223363, 37.980882, -119.910160, 1.066493, -0.615214, 43.622846, -9.9e+37, -9.9e+37, -9.9e+37, -9.9e+37, -9.9e+37, -9.9e+37, -9.9e+37, -9.9e+37, -9.9e+37, -9.9e+37, 2051, Unclassified, -9.9e+37, 
2014-04-02, 00:24:43, 108.0, 30.6058929632, 30.6058929632, -49.726781, -53.387569, 1.8954, -2.0177, 6.000000, 6, 0.000000, 0.031573, 1.250000, 2.000000, 2.250000, 1.250000, -0.500000, -0.750000, -0.750000, -0.500000, 0.064000, 30.570204, 37.980826, -119.910199, -1.477031, -0.041284, 44.863620, -9.9e+37, -9.9e+37, -9.9e+37, -9.9e+37, -9.9e+37, -9.9e+37, -9.9e+37, -9.9e+37, -9.9e+37, -9.9e+37, 2056, Unclassified, -9.9e+37, 
2014-04-02, 00:25:25, 108.0, 27.1021621104, 27.1021621104, -46.962992, -47.412154, -0.85598, -0.42799, 6.000000, 4, 0.030571, 0.049922, 0.750000, 1.250000, 1.500000, 0.750000, -0.250000, -0.500000, -0.500000, -0.250000, 0.064000, 27.098382, 37.980293, -119.910837, 0.168624, 0.420075, 54.046362, -9.9e+37, -9.9e+37, -9.9e+37, -9.9e+37, -9.9e+37, -9.9e+37, -9.9e+37, -9.9e+37, -9.9e+37, -9.9e+37, 2137, Unclassified, -9.9e+37, 
2014-04-02, 00:25:28, 638.0, 30.5822012480, 30.5822012480, -37.346626, -39.409598, 2.0177, 0.36685, 6.000000, 4, 0.000000, 0.000000, 0.750000, 1.250000, 1.750000, 0.750000, -0.250000, -0.500000, -0.750000, -0.250000, 0.064000, 30.562615, 37.980238, -119.910897, -0.827278, -0.716384, 54.903873, -9.9e+37, -9.9e+37, -9.9e+37, -9.9e+37, -9.9e+37, -9.9e+37, -9.9e+37, -9.9e+37, -9.9e+37, -9.9e+37, 2144, Unclassified, -9.9e+37, 
2014-04-02, 00:25:29, 108.0, 30.5458736004, 30.5458736004, -38.473160, -38.598068, 0.12228, 0.48913, 6.000000, 4, 0.000000, 0.000000, 0.750000, 1.250000, 2.000000, 0.750000, -0.500000, -0.500000, -0.750000, -0.500000, 0.064000, 30.544691, 37.980238, -119.910897, 0.076585, -0.257649, 55.025444, -9.9e+37, -9.9e+37, -9.9e+37, -9.9e+37, -9.9e+37, -9.9e+37, -9.9e+37, -9.9e+37, -9.9e+37, -9.9e+37, 2145, Unclassified, -9.9e+37, 
2014-04-02, 00:25:29, 608.0, 30.3538824996, 30.3538824996, -44.735315, -48.105595, 0.79484, -2.5068, 6.000000, 4, 0.030571, 0.049922, 0.750000, 1.250000, 2.000000, 0.750000, -0.500000, -0.500000, -0.750000, -0.500000, 0.064000, 30.321923, 37.980223, -119.910890, -1.195498, 0.714131, 55.154775, -9.9e+37, -9.9e+37, -9.9e+37, -9.9e+37, -9.9e+37, -9.9e+37, -9.9e+37, -9.9e+37, -9.9e+37, -9.9e+37, 2146, Unclassified, -9.9e+37, 
2014-04-02, 00:25:29, 608.0, 30.5397860891, 30.5397860891, -42.034926, -44.011118, -1.8954, 0.67255, 6.000000, 5, 0.079718, 0.259401, 1.000000, 2.000000, 2.250000, 1.000000, -0.750000, -1.250000, -1.250000, -0.750000, 0.064000, 30.520977, 37.980243, -119.910893, 0.993414, 0.402054, 55.154775, -9.9e+37, -9.9e+37, -9.9e+37, -9.9e+37, -9.9e+37, -9.9e+37, -9.9e+37, -9.9e+37, -9.9e+37, -9.9e+37, 2146, Unclassified, -9.9e+37, 
2014-04-02, 00:25:30, 108.0, 30.3900235378, 30.3900235378, -46.529329, -49.657931, -1.1617, -2.2622, 6.000000, 6, 0.130658, 0.151831, 1.250000, 1.500000, 2.250000, 1.250000, -0.500000, -0.500000, -0.750000, -0.500000, 0.064000, 30.360107, 37.980220, -119.910895, -0.335103, 1.305817, 55.284106, -9.9e+37, -9.9e+37, -9.9e+37, -9.9e+37, -9.9e+37, -9.9e+37, -9.9e+37, -9.9e+37, -9.9e+37, -9.9e+37, 2147, Unclassified, -9.9e+37, 
2014-04-02, 00:25:43, 108.0, 29.0818224858, 29.0818224858, -35.679484, -37.232262, 1.6508, -0.67255, 6.000000, 4, 0.000000, 0.035300, 0.750000, 1.250000, 1.750000, 0.750000, -0.500000, -0.500000, -0.750000, -0.500000, 0.064000, 29.067751, 37.980034, -119.911068, -0.881895, -0.201253, 58.086276, -9.9e+37, -9.9e+37, -9.9e+37, -9.9e+37, -9.9e+37, -9.9e+37, -9.9e+37, -9.9e+37, -9.9e+37, -9.9e+37, 2173, Unclassified, -9.9e+37, 
2014-04-02, 00:25:43, 608.0, 29.0700585570, 29.0700585570, -37.009638, -37.193132, -0.36685, -0.48913, 6.000000, 4, 0.030571, 0.000000, 0.750000, 1.250000, 1.750000, 0.750000, -0.500000, -0.750000, -0.750000, -0.500000, 0.064000, 29.068403, 37.980037, -119.911066, -0.007452, 0.310112, 58.172497, -9.9e+37, -9.9e+37, -9.9e+37, -9.9e+37, -9.9e+37, -9.9e+37, -9.9e+37, -9.9e+37, -9.9e+37, -9.9e+37, 2174, Unclassified, -9.9e+37, 
2014-04-02, 00:25:43, 608.0, 30.9541164212, 30.9541164212, -38.851185, -42.417342, 2.5679, 0.85598, 6.000000, 4, 0.030571, 0.000000, 0.750000, 1.250000, 1.500000, 0.750000, -0.250000, -0.500000, -0.500000, -0.250000, 0.064000, 30.919588, 37.980030, -119.911083, -0.803098, -1.221242, 58.172497, -9.9e+37, -9.9e+37, -9.9e+37, -9.9e+37, -9.9e+37, -9.9e+37, -9.9e+37, -9.9e+37, -9.9e+37, -9.9e+37, 2174, Unclassified, -9.9e+37, 
2014-04-02, 00:25:44, 108.0, 29.0698024007, 29.0698024007, -41.358396, -44.072310, -2.3234, -0.36685, 6.000000, 4, 0.030571, 0.061141, 0.750000, 1.250000, 1.750000, 0.750000, -0.500000, -0.500000, -0.750000, -0.500000, 0.064000, 29.045311, 37.980035, -119.911069, 0.810384, 0.875564, 58.258717, -9.9e+37, -9.9e+37, -9.9e+37, -9.9e+37, -9.9e+37, -9.9e+37, -9.9e+37, -9.9e+37, -9.9e+37, -9.9e+37, 2175, Unclassified, -9.9e+37, 
2014-04-02, 00:25:44, 108.0, 30.9181099889, 30.9181099889, -42.713705, -43.380966, 0.85598, 0.79484, 6.000000, 4, 0.000000, 0.030571, 0.750000, 1.250000, 1.500000, 0.750000, -0.250000, -0.500000, -0.500000, -0.250000, 0.064000, 30.911686, 37.980027, -119.911086, -0.097238, -0.622705, 58.258717, -9.9e+37, -9.9e+37, -9.9e+37, -9.9e+37, -9.9e+37, -9.9e+37, -9.9e+37, -9.9e+37, -9.9e+37, -9.9e+37, 2175, Unclassified, -9.9e+37, 
2014-04-02, 00:25:46, 108.0, 29.0819970763, 29.0819970763, -33.210525, -36.550124, 1.7731, -1.9565, 6.000000, 4, 0.000000, 0.000000, 0.750000, 1.250000, 1.500000, 0.750000, -0.500000, -0.750000, -0.750000, -0.500000, 0.064000, 29.051143, 37.979988, -119.911093, -1.257741, 0.460177, 58.603600, -9.9e+37, -9.9e+37, -9.9e+37, -9.9e+37, -9.9e+37, -9.9e+37, -9.9e+37, -9.9e+37, -9.9e+37, -9.9e+37, 2179, Unclassified, -9.9e+37, 
2014-04-02, 00:25:46, 608.0, 29.0459916864, 29.0459916864, -34.075546, -36.103971, -0.24457, -2.0177, 6.000000, 4, 0.000000, 0.000000, 0.750000, 1.500000, 1.750000, 0.750000, -0.500000, -0.750000, -0.750000, -0.500000, 0.064000, 29.027720, 37.979993, -119.911089, -0.366015, 0.962895, 58.689820, -9.9e+37, -9.9e+37, -9.9e+37, -9.9e+37, -9.9e+37, -9.9e+37, -9.9e+37, -9.9e+37, -9.9e+37, -9.9e+37, 2180, Unclassified, -9.9e+37, 
2014-04-02, 00:26:09, 108.0, 47.7178344822, 47.7178344822, -47.765043, -51.392389, -1.4674, 2.3234, 6.000000, 4, 0.030571, 0.030571, 0.750000, 1.250000, 1.750000, 0.750000, -0.500000, -0.500000, -0.750000, -0.500000, 0.064000, 47.662997, 37.979689, -119.911393, 2.156016, -0.762921, 61.477620, -9.9e+37, -9.9e+37, -9.9e+37, -9.9e+37, -9.9e+37, -9.9e+37, -9.9e+37, -9.9e+37, -9.9e+37, -9.9e+37, 2222, Unclassified, -9.9e+37, 
2014-04-02, 00:29:06, 608.0, 14.5619513667, 14.5619513667, -41.167556, -44.064156, -0.7337, -2.3234, 6.000000, 4, 0.058538, 0.035300, 0.750000, 1.000000, 1.500000, 0.750000, -0.500000, -0.500000, -0.750000, -0.500000, 0.064000, 14.548790, 37.977473, -119.914335, -0.448801, 0.426295, 53.150625, -9.9e+37, -9.9e+37, -9.9e+37, -9.9e+37, -9.9e+37, -9.9e+37, -9.9e+37, -9.9e+37, -9.9e+37, -9.9e+37, 2577, Unclassified, -9.9e+37, 
2014-04-02, 00:29:07, 108.0, 14.7660054150, 14.7660054150, -38.700851, -40.996796, -0.61141, 2.0788, 6.000000, 4, 0.394665, 0.160799, 0.750000, 2.000000, 2.500000, 0.750000, -0.500000, -1.500000, -1.750000, -0.500000, 0.064000, 14.755449, 37.977480, -119.914345, 0.550401, -0.093350, 52.855559, -9.9e+37, -9.9e+37, -9.9e+37, -9.9e+37, -9.9e+37, -9.9e+37, -9.9e+37, -9.9e+37, -9.9e+37, -9.9e+37, 2578, Unclassified, -9.9e+37, 
2014-04-02, 00:29:07, 608.0, 13.6258669617, 13.6258669617, -46.040524, -49.074609, -1.4063, -2.0788, 6.000000, 4, 0.058538, 0.058538, 0.750000, 2.500000, 3.000000, 0.750000, -0.500000, -0.500000, -0.750000, -0.500000, 0.064000, 13.612804, 37.977465, -119.914357, -0.324943, 0.500238, 52.560493, -9.9e+37, -9.9e+37, -9.9e+37, -9.9e+37, -9.9e+37, -9.9e+37, -9.9e+37, -9.9e+37, -9.9e+37, -9.9e+37, 2579, Unclassified, -9.9e+37, 
2014-04-02, 00:29:07, 608.0, 14.7179078442, 14.7179078442, -42.016365, -42.397587, -0.7337, 0.48913, 6.000000, 4, 0.030571, 0.035300, 0.750000, 1.250000, 1.750000, 0.750000, -0.500000, -0.500000, -0.750000, -0.500000, 0.064000, 14.716165, 37.977470, -119.914362, 0.189114, 0.124643, 52.560493, -9.9e+37, -9.9e+37, -9.9e+37, -9.9e+37, -9.9e+37, -9.9e+37, -9.9e+37, -9.9e+37, -9.9e+37, -9.9e+37, 2579, Unclassified, -9.9e+37, 
2014-04-02, 00:29:09, 608.0, 14.4781281948, 14.4781281948, -36.412048, -39.702283, 2.5068, 0.67255, 6.000000, 4, 0.030571, 0.035300, 0.750000, 1.250000, 1.500000, 0.750000, -0.250000, -0.500000, -0.500000, -0.250000, 0.064000, 14.463279, 37.977453, -119.914411, -0.125082, -0.643524, 51.380229, -9.9e+37, -9.9e+37, -9.9e+37, -9.9e+37, -9.9e+37, -9.9e+37, -9.9e+37, -9.9e+37, -9.9e+37, -9.9e+37, 2583, Unclassified, -9.9e+37, 
2014-04-02, 00:29:10, 108.0, 13.5781808692, 13.5781808692, -44.716980, -48.703987, 1.5285, 2.4457, 6.000000, 4, 0.030571, 0.000000, 0.750000, 1.500000, 1.750000, 0.750000, -0.250000, -0.500000, -0.500000, -0.250000, 0.064000, 13.560995, 37.977452, -119.914425, 0.361856, -0.579206, 51.085163, -9.9e+37, -9.9e+37, -9.9e+37, -9.9e+37, -9.9e+37, -9.9e+37, -9.9e+37, -9.9e+37, -9.9e+37, -9.9e+37, 2584, Unclassified, -9.9e+37, 
2014-04-02, 00:29:10, 108.0, 14.4779003283, 14.4779003283, -39.112769, -41.219482, -1.8954, 0.85598, 6.000000, 4, 0.030571, 0.035300, 0.750000, 1.000000, 1.500000, 0.750000, -0.500000, -0.500000, -0.750000, -0.500000, 0.064000, 14.468366, 37.977452, -119.914414, 0.404237, 0.335513, 51.085163, -9.9e+37, -9.9e+37, -9.9e+37, -9.9e+37, -9.9e+37, -9.9e+37, -9.9e+37, -9.9e+37, -9.9e+37, -9.9e+37, 2584, Unclassified, -9.9e+37, 
2014-04-02, 00:29:10, 608.0, 13.2660774286, 13.2660774286, -39.052378, -39.147858, 0.24457, 0.36685, 6.000000, 4, 0.000000, 0.000000, 0.750000, 1.250000, 1.500000, 0.750000, -0.500000, -0.750000, -0.750000, -0.500000, 0.064000, 13.265685, 37.977447, -119.914425, 0.056176, -0.085235, 50.790097, -9.9e+37, -9.9e+37, -9.9e+37, -9.9e+37, -9.9e+37, -9.9e+37, -9.9e+37, -9.9e+37, -9.9e+37, -9.9e+37, 2585, Unclassified, -9.9e+37, 
2014-04-02, 00:50:35, 926.0, 14.0821690986, 14.0821690986, -36.154933, -37.144445, 1.284, 0.61141, 6.000000, 4, 0.000000, 0.000000, 0.750000, 1.250000, 1.500000, 0.750000, -0.250000, -0.500000, -0.500000, -0.250000, 0.064000, 14.077832, 37.978940, -119.912228, 0.123001, 0.327109, 19.743619, -9.9e+37, -9.9e+37, -9.9e+37, -9.9e+37, -9.9e+37, -9.9e+37, -9.9e+37, -9.9e+37, -9.9e+37, -9.9e+37, 3118, Unclassified, -9.9e+37, 
2014-04-02, 00:50:36, 426.0, 13.9381048047, 13.9381048047, -46.696351, -50.386300, -0.55027, 2.6902, 6.000000, 6, 0.092051, 0.097953, 1.250000, 1.500000, 2.000000, 1.250000, -0.500000, -0.500000, -0.750000, -0.500000, 0.064000, 13.922103, 37.978942, -119.912218, -0.571459, 0.345327, 19.450782, -9.9e+37, -9.9e+37, -9.9e+37, -9.9e+37, -9.9e+37, -9.9e+37, -9.9e+37, -9.9e+37, -9.9e+37, -9.9e+37, 3119, Unclassified, -9.9e+37, 
2014-04-02, 00:52:28, 426.0, 10.3981024739, 10.3981024739, -45.315461, -47.309219, 1.7731, 0.97826, 6.000000, 4, 0.078933, 0.030571, 0.750000, 1.500000, 2.250000, 0.750000, -0.500000, -0.750000, -0.750000, -0.500000, 0.064000, 10.391610, 37.980335, -119.910556, 0.113475, 0.349415, 48.611074, -9.9e+37, -9.9e+37, -9.9e+37, -9.9e+37, -9.9e+37, -9.9e+37, -9.9e+37, -9.9e+37, -9.9e+37, -9.9e+37, 3343, Unclassified, -9.9e+37, 
2014-04-02, 00:53:15, 426.0, 13.4222668221, 13.4222668221, -47.756776, -50.256773, 1.0394, -2.0177, 6.000000, 6, 0.024961, 0.084278, 1.250000, 1.750000, 2.250000, 1.250000, -0.250000, -0.500000, -0.500000, -0.250000, 0.064000, 13.411741, 37.980505, -119.910457, 0.399626, -0.350362, 65.912224, -9.9e+37, -9.9e+37, -9.9e+37, -9.9e+37, -9.9e+37, -9.9e+37, -9.9e+37, -9.9e+37, -9.9e+37, -9.9e+37, 3437, Unclassified, -9.9e+37, 
2014-04-02, 00:53:38, 926.0, 38.2618581692, 38.2618581692, -41.776586, -43.093690, -1.1005, 1.2228, 6.000000, 4, 0.030571, 0.030571, 0.750000, 1.250000, 1.750000, 0.750000, -0.500000, -0.500000, -0.750000, -0.500000, 0.064000, 38.246091, 37.980527, -119.910466, -1.082405, 0.186336, 67.657080, -9.9e+37, -9.9e+37, -9.9e+37, -9.9e+37, -9.9e+37, -9.9e+37, -9.9e+37, -9.9e+37, -9.9e+37, -9.9e+37, 3484, Unclassified, -9.9e+37, 
2014-04-02, 01:01:27, 427.0, 7.4519715016, 7.4519715016, -49.833439, -52.963581, -0.30571, 2.5068, 6.000000, 5, 0.027343, 0.096673, 1.000000, 1.250000, 2.000000, 1.000000, -0.500000, -0.500000, -0.750000, -0.500000, 0.064000, 7.444735, 37.981526, -119.909952, -0.232957, 0.231384, 63.211123, -9.9e+37, -9.9e+37, -9.9e+37, -9.9e+37, -9.9e+37, -9.9e+37, -9.9e+37, -9.9e+37, -9.9e+37, -9.9e+37, 4421, Unclassified, -9.9e+37, 
2014-04-02, 01:01:34, 927.0, 10.2660788528, 10.2660788528, -42.850058, -45.730166, 1.9565, 1.4674, 6.000000, 4, 0.030571, 0.030571, 0.750000, 1.500000, 2.000000, 0.750000, -0.250000, -0.500000, -0.500000, -0.250000, 0.064000, 10.256733, 37.981544, -119.909947, 0.350381, 0.262741, 63.392832, -9.9e+37, -9.9e+37, -9.9e+37, -9.9e+37, -9.9e+37, -9.9e+37, -9.9e+37, -9.9e+37, -9.9e+37, -9.9e+37, 4436, Unclassified, -9.9e+37, 
2014-04-02, 01:01:35, 427.0, 10.2660180050, 10.2660180050, -44.355909, -45.859622, 1.712, 0.36685, 6.000000, 4, 0.132080, 0.030571, 0.750000, 1.250000, 1.500000, 0.750000, -0.500000, -0.750000, -0.750000, -0.500000, 0.064000, 10.261226, 37.981543, -119.909947, 0.200193, 0.241450, 63.406055, -9.9e+37, -9.9e+37, -9.9e+37, -9.9e+37, -9.9e+37, -9.9e+37, -9.9e+37, -9.9e+37, -9.9e+37, -9.9e+37, 4437, Unclassified, -9.9e+37, 
2014-04-02, 01:01:35, 927.0, 10.2900947172, 10.2900947172, -49.717567, -51.085156, 1.6508, 0.24457, 6.000000, 4, 0.049922, 0.000000, 0.750000, 1.250000, 1.500000, 0.750000, -0.250000, -0.500000, -0.500000, -0.250000, 0.064000, 10.285730, 37.981544, -119.909948, 0.205633, 0.217985, 63.419277, -9.9e+37, -9.9e+37, -9.9e+37, -9.9e+37, -9.9e+37, -9.9e+37, -9.9e+37, -9.9e+37, -9.9e+37, -9.9e+37, 4438, Unclassified, -9.9e+37, 
2014-04-02, 01:01:36, 427.0, 10.3020974409, 10.3020974409, -34.019350, -35.471596, 1.6508, -0.48913, 6.000000, 4, 0.035300, 0.000000, 0.750000, 1.250000, 1.500000, 0.750000, -0.500000, -0.750000, -0.750000, -0.500000, 0.064000, 10.297447, 37.981544, -119.909949, 0.287496, 0.114671, 63.432500, -9.9e+37, -9.9e+37, -9.9e+37, -9.9e+37, -9.9e+37, -9.9e+37, -9.9e+37, -9.9e+37, -9.9e+37, -9.9e+37, 4439, Unclassified, -9.9e+37, 
2014-04-02, 01:01:36, 927.0, 10.3142096552, 10.3142096552, -37.806671, -38.930940, 1.1617, -0.97826, 6.000000, 4, 0.030571, 0.000000, 0.750000, 1.250000, 1.500000, 0.750000, -0.250000, -0.500000, -0.500000, -0.250000, 0.064000, 10.310587, 37.981544, -119.909950, 0.273189, -0.008844, 63.445722, -9.9e+37, -9.9e+37, -9.9e+37, -9.9e+37, -9.9e+37, -9.9e+37, -9.9e+37, -9.9e+37, -9.9e+37, -9.9e+37, 4440, Unclassified, -9.9e+37, 
2014-04-02, 01:01:37, 427.0, 10.3137839224, 10.3137839224, -40.495535, -41.812640, 1.1005, -1.2228, 6.000000, 4, 0.126046, 0.030571, 0.750000, 1.250000, 1.750000, 0.750000, -0.500000, -0.500000, -0.750000, -0.500000, 0.064000, 10.309534, 37.981546, -119.909948, 0.291917, 0.049361, 63.458945, -9.9e+37, -9.9e+37, -9.9e+37, -9.9e+37, -9.9e+37, -9.9e+37, -9.9e+37, -9.9e+37, -9.9e+37, -9.9e+37, 4441, Unclassified, -9.9e+37, 
2014-04-02, 01:01:37, 927.0, 10.3259102478, 10.3259102478, -38.638012, -40.697737, 0.79484, -1.8954, 6.000000, 4, 0.172934, 0.030571, 0.750000, 1.000000, 1.500000, 0.750000, -0.500000, -0.500000, -0.750000, -0.500000, 0.064000, 10.319269, 37.981548, -119.909947, 0.365055, -0.062034, 63.472167, -9.9e+37, -9.9e+37, -9.9e+37, -9.9e+37, -9.9e+37, -9.9e+37, -9.9e+37, -9.9e+37, -9.9e+37, -9.9e+37, 4442, Unclassified, -9.9e+37, 
2014-04-02, 01:01:38, 427.0, 10.3501367342, 10.3501367342, -41.682460, -45.535198, 0.55027, -2.7514, 6.000000, 4, 0.049922, 0.049922, 0.750000, 1.250000, 1.500000, 0.750000, -0.250000, -0.500000, -0.500000, -0.250000, 0.064000, 10.337730, 37.981548, -119.909949, 0.385514, -0.328710, 63.485389, -9.9e+37, -9.9e+37, -9.9e+37, -9.9e+37, -9.9e+37, -9.9e+37, -9.9e+37, -9.9e+37, -9.9e+37, -9.9e+37, 4443, Unclassified, -9.9e+37, 
2014-04-02, 01:01:41, 427.0, 10.5301498148, 10.5301498148, -43.269627, -45.857214, -2.2011, 0.67255, 6.000000, 4, 0.132080, 0.058538, 0.750000, 1.250000, 1.500000, 0.750000, -0.250000, -0.500000, -0.500000, -0.250000, 0.064000, 10.521657, 37.981549, -119.909946, -0.123512, -0.404402, 63.673230, -9.9e+37, -9.9e+37, -9.9e+37, -9.9e+37, -9.9e+37, -9.9e+37, -9.9e+37, -9.9e+37, -9.9e+37, -9.9e+37, 4449, Unclassified, -9.9e+37, 
2014-04-02, 01:01:52, 427.0, 9.8582636893, 9.8582636893, -32.284751, -33.812093, 1.2228, 1.284, 6.000000, 4, 0.000000, 0.000000, 0.750000, 1.250000, 1.500000, 0.750000, -0.250000, -0.500000, -0.500000, -0.250000, 0.064000, 9.853545, 37.981569, -119.909932, 0.210330, 0.220850, 63.364320, -9.9e+37, -9.9e+37, -9.9e+37, -9.9e+37, -9.9e+37, -9.9e+37, -9.9e+37, -9.9e+37, -9.9e+37, -9.9e+37, 4471, Unclassified, -9.9e+37, 
2014-04-02, 01:01:52, 927.0, 9.8341257527, 9.8341257527, -42.044800, -42.605165, 0.91712, 0.55027, 6.000000, 4, 0.030571, 0.000000, 0.750000, 1.250000, 1.500000, 0.750000, -0.250000, -0.500000, -0.500000, -0.250000, 0.064000, 9.832413, 37.981568, -119.909934, 0.157399, 0.094434, 63.367376, -9.9e+37, -9.9e+37, -9.9e+37, -9.9e+37, -9.9e+37, -9.9e+37, -9.9e+37, -9.9e+37, -9.9e+37, -9.9e+37, 4472, Unclassified, -9.9e+37, 
2014-04-02, 01:01:53, 427.0, 9.8218473061, 9.8218473061, -35.835504, -35.901645, 0.36685, 0, 6.000000, 4, 0.030571, 0.030571, 0.750000, 1.250000, 1.750000, 0.750000, -0.500000, -0.500000, -0.750000, -0.500000, 0.064000, 9.821646, 37.981567, -119.909935, 0.062886, 0.000000, 63.374959, -9.9e+37, -9.9e+37, -9.9e+37, -9.9e+37, -9.9e+37, -9.9e+37, -9.9e+37, -9.9e+37, -9.9e+37, -9.9e+37, 4473, Unclassified, -9.9e+37, 
2014-04-02, 01:01:53, 427.0, 27.4019587298, 27.4019587298, -44.211456, -46.422586, 0.97826, -1.8954, 6.000000, 4, 0.049922, 0.030571, 0.750000, 1.000000, 1.500000, 0.750000, -0.500000, -0.500000, -0.750000, -0.500000, 0.064000, 27.382979, 37.981571, -119.909945, 0.467581, -0.906181, 63.374959, -9.9e+37, -9.9e+37, -9.9e+37, -9.9e+37, -9.9e+37, -9.9e+37, -9.9e+37, -9.9e+37, -9.9e+37, -9.9e+37, 4473, Unclassified, -9.9e+37, 
2014-04-02, 01:01:53, 927.0, 9.8220197399, 9.8220197399, -42.315729, -42.627466, 0.42799, -0.67255, 6.000000, 4, 0.000000, 0.049922, 0.750000, 1.250000, 1.750000, 0.750000, -0.500000, -0.750000, -0.750000, -0.500000, 0.064000, 9.821069, 37.981568, -119.909936, 0.073363, -0.115288, 63.376924, -9.9e+37, -9.9e+37, -9.9e+37, -9.9e+37, -9.9e+37, -9.9e+37, -9.9e+37, -9.9e+37, -9.9e+37, -9.9e+37, 4474, Unclassified, -9.9e+37, 
2014-04-02, 01:01:53, 927.0, 27.4260955295, 27.4260955295, -39.665018, -42.513266, 0.85598, -2.2622, 6.000000, 4, 0.035300, 0.035300, 0.750000, 1.250000, 1.500000, 0.750000, -0.250000, -0.500000, -0.500000, -0.250000, 0.064000, 27.401667, 37.981571, -119.909947, 0.409403, -1.082476, 63.376924, -9.9e+37, -9.9e+37, -9.9e+37, -9.9e+37, -9.9e+37, -9.9e+37, -9.9e+37, -9.9e+37, -9.9e+37, -9.9e+37, 4474, Unclassified, -9.9e+37, 
2014-04-02, 01:02:03, 427.0, 10.5780476355, 10.5780476355, -37.618733, -40.118730, -1.0394, 2.0177, 6.000000, 4, 0.000000, 0.030571, 0.750000, 1.250000, 1.500000, 0.750000, -0.500000, -0.750000, -0.750000, -0.500000, 0.064000, 10.569752, 37.981582, -119.909924, -0.191767, 0.372367, 63.344876, -9.9e+37, -9.9e+37, -9.9e+37, -9.9e+37, -9.9e+37, -9.9e+37, -9.9e+37, -9.9e+37, -9.9e+37, -9.9e+37, 4493, Unclassified, -9.9e+37, 
2014-04-02, 01:02:03, 927.0, 10.6021252343, 10.6021252343, -36.372765, -37.925543, -1.6508, 0.67255, 6.000000, 4, 0.000000, 0.030571, 0.750000, 1.250000, 1.500000, 0.750000, -0.250000, -0.500000, -0.500000, -0.250000, 0.064000, 10.596995, 37.981582, -119.909927, -0.305407, 0.124397, 63.337764, -9.9e+37, -9.9e+37, -9.9e+37, -9.9e+37, -9.9e+37, -9.9e+37, -9.9e+37, -9.9e+37, -9.9e+37, -9.9e+37, 4494, Unclassified, -9.9e+37, 
2014-04-02, 01:02:04, 427.0, 10.6261193631, 10.6261193631, -38.535400, -41.882537, -2.5679, -0.48913, 6.000000, 4, 0.030571, 0.035300, 0.750000, 1.250000, 1.500000, 0.750000, -0.250000, -0.500000, -0.500000, -0.250000, 0.064000, 10.615063, 37.981582, -119.909932, -0.317795, -0.365878, 63.259334, -9.9e+37, -9.9e+37, -9.9e+37, -9.9e+37, -9.9e+37, -9.9e+37, -9.9e+37, -9.9e+37, -9.9e+37, -9.9e+37, 4495, Unclassified, -9.9e+37, 
2014-04-02, 01:02:18, 927.0, 9.9658415635, 9.9658415635, -49.355727, -50.595498, 1.3451, 0.85598, 6.000000, 4, 0.030571, 0.000000, 0.750000, 1.250000, 1.750000, 0.750000, -0.500000, -0.500000, -0.750000, -0.500000, 0.064000, 9.961984, 37.981612, -119.909906, 0.091574, 0.261696, 63.024918, -9.9e+37, -9.9e+37, -9.9e+37, -9.9e+37, -9.9e+37, -9.9e+37, -9.9e+37, -9.9e+37, -9.9e+37, -9.9e+37, 4524, Unclassified, -9.9e+37, 
2014-04-02, 01:02:19, 427.0, 9.9897927394, 9.9897927394, -45.792332, -46.330535, 1.0394, -0.12228, 6.000000, 4, 0.035300, 0.000000, 0.750000, 1.250000, 1.750000, 0.750000, -0.500000, -0.500000, -0.750000, -0.500000, 0.064000, 9.988126, 37.981613, -119.909907, 0.155516, 0.095436, 63.116811, -9.9e+37, -9.9e+37, -9.9e+37, -9.9e+37, -9.9e+37, -9.9e+37, -9.9e+37, -9.9e+37, -9.9e+37, -9.9e+37, 4525, Unclassified, -9.9e+37, 
2014-04-02, 01:02:22, 927.0, 10.6021138499, 10.6021138499, -40.933426, -44.510594, 2.2622, 1.5285, 6.000000, 4, 0.534185, 0.389901, 0.750000, 1.250000, 1.250000, 0.750000, -0.250000, -0.500000, -0.500000, -0.250000, 0.064000, 10.590087, 37.981620, -119.909902, 0.418350, 0.282589, 63.127758, -9.9e+37, -9.9e+37, -9.9e+37, -9.9e+37, -9.9e+37, -9.9e+37, -9.9e+37, -9.9e+37, -9.9e+37, -9.9e+37, 4532, Unclassified, -9.9e+37, 
2014-04-02, 01:02:23, 427.0, 10.1938790526, 10.1938790526, -43.276709, -45.670013, 1.3451, 1.7731, 6.000000, 4, 0.030571, 0.000000, 0.750000, 1.000000, 1.500000, 0.750000, -0.500000, -0.500000, -0.750000, -0.500000, 0.064000, 10.186193, 37.981617, -119.909900, -0.007353, 0.395708, 63.125511, -9.9e+37, -9.9e+37, -9.9e+37, -9.9e+37, -9.9e+37, -9.9e+37, -9.9e+37, -9.9e+37, -9.9e+37, -9.9e+37, 4533, Unclassified, -9.9e+37, 
2014-04-02, 01:02:23, 427.0, 10.6380180032, 10.6380180032, -39.997698, -42.944034, 2.4457, 0.12228, 6.000000, 4, 0.219740, 0.195748, 0.750000, 1.000000, 1.500000, 0.750000, -0.500000, -0.500000, -0.750000, -0.500000, 0.064000, 10.628304, 37.981620, -119.909902, 0.342469, 0.298819, 63.125511, -9.9e+37, -9.9e+37, -9.9e+37, -9.9e+37, -9.9e+37, -9.9e+37, -9.9e+37, -9.9e+37, -9.9e+37, -9.9e+37, 4533, Unclassified, -9.9e+37, 
2014-04-02, 01:02:23, 927.0, 10.1821172613, 10.1821172613, -42.963834, -43.691919, 1.1617, 0.36685, 6.000000, 4, 0.000000, 0.030571, 0.750000, 1.250000, 1.500000, 0.750000, -0.250000, -0.500000, -0.500000, -0.250000, 0.064000, 10.179816, 37.981619, -119.909902, 0.121772, 0.178974, 63.119311, -9.9e+37, -9.9e+37, -9.9e+37, -9.9e+37, -9.9e+37, -9.9e+37, -9.9e+37, -9.9e+37, -9.9e+37, -9.9e+37, 4534, Unclassified, -9.9e+37, 
2014-04-02, 01:02:24, 427.0, 10.1818004015, 10.1818004015, -40.506967, -42.022707, 1.6508, -0.61141, 6.000000, 4, 0.035300, 0.030571, 0.750000, 1.250000, 1.500000, 0.750000, -0.500000, -0.500000, -0.750000, -0.500000, 0.064000, 10.176996, 37.981619, -119.909900, 0.108605, 0.293303, 63.122503, -9.9e+37, -9.9e+37, -9.9e+37, -9.9e+37, -9.9e+37, -9.9e+37, -9.9e+37, -9.9e+37, -9.9e+37, -9.9e+37, 4535, Unclassified, -9.9e+37, 
2014-04-02, 01:02:24, 927.0, 10.2060182321, 10.2060182321, -40.090250, -43.661165, 1.7731, -2.0788, 6.000000, 4, 0.030571, 0.061141, 0.750000, 1.250000, 1.500000, 0.750000, -0.500000, -0.750000, -0.750000, -0.500000, 0.064000, 10.194424, 37.981622, -119.909899, 0.370037, 0.315582, 63.132757, -9.9e+37, -9.9e+37, -9.9e+37, -9.9e+37, -9.9e+37, -9.9e+37, -9.9e+37, -9.9e+37, -9.9e+37, -9.9e+37, 4536, Unclassified, -9.9e+37, 
2014-04-02, 01:05:42, 927.0, 19.7762500602, 19.7762500602, -49.609761, -52.492433, -1.284, 2.0788, 6.000000, 5, 0.051154, 0.054687, 1.000000, 1.500000, 2.000000, 1.000000, -0.250000, -0.500000, -0.500000, -0.250000, 0.064000, 19.758279, 37.981816, -119.909751, -0.791758, 0.289118, 62.502160, -9.9e+37, -9.9e+37, -9.9e+37, -9.9e+37, -9.9e+37, -9.9e+37, -9.9e+37, -9.9e+37, -9.9e+37, -9.9e+37, 4932, Unclassified, -9.9e+37, 
2014-04-02, 01:05:43, 427.0, 19.7820654178, 19.7820654178, -46.057517, -49.053268, -1.4674, 2.0177, 6.000000, 4, 0.000000, 0.035300, 0.750000, 1.250000, 1.750000, 0.750000, -0.500000, -0.750000, -0.750000, -0.500000, 0.064000, 19.763326, 37.981817, -119.909759, -0.696253, -0.506267, 62.509540, -9.9e+37, -9.9e+37, -9.9e+37, -9.9e+37, -9.9e+37, -9.9e+37, -9.9e+37, -9.9e+37, -9.9e+37, -9.9e+37, 4933, Unclassified, -9.9e+37, 
2014-04-02, 01:05:43, 927.0, 19.7819370407, 19.7819370407, -45.797365, -47.842215, -1.2228, 1.6508, 6.000000, 4, 0.030571, 0.058538, 0.750000, 1.000000, 1.750000, 0.750000, -0.500000, -0.500000, -0.750000, -0.500000, 0.064000, 19.769227, 37.981818, -119.909757, -0.569754, -0.421987, 62.516920, -9.9e+37, -9.9e+37, -9.9e+37, -9.9e+37, -9.9e+37, -9.9e+37, -9.9e+37, -9.9e+37, -9.9e+37, -9.9e+37, 4934, Unclassified, -9.9e+37, 
2014-04-02, 01:05:44, 427.0, 19.7938244540, 19.7938244540, -41.498729, -43.691730, -1.3451, 1.6508, 6.000000, 4, 0.000000, 0.000000, 0.750000, 1.250000, 1.750000, 0.750000, -0.500000, -0.500000, -0.750000, -0.500000, 0.064000, 19.780162, 37.981818, -119.909757, -0.570069, -0.464457, 62.524300, -9.9e+37, -9.9e+37, -9.9e+37, -9.9e+37, -9.9e+37, -9.9e+37, -9.9e+37, -9.9e+37, -9.9e+37, -9.9e+37, 4935, Unclassified, -9.9e+37, 
2014-04-02, 01:05:45, 427.0, 19.8180991003, 19.8180991003, -39.770211, -41.305072, -1.1617, 1.3451, 6.000000, 4, 0.030571, 0.000000, 0.750000, 1.250000, 1.500000, 0.750000, -0.250000, -0.500000, -0.500000, -0.250000, 0.064000, 19.808568, 37.981818, -119.909749, -0.603392, 0.116641, 62.539060, -9.9e+37, -9.9e+37, -9.9e+37, -9.9e+37, -9.9e+37, -9.9e+37, -9.9e+37, -9.9e+37, -9.9e+37, -9.9e+37, 4937, Unclassified, -9.9e+37, 
2014-04-02, 01:05:45, 927.0, 19.8057695454, 19.8057695454, -34.780661, -36.072296, -1.3451, 0.91712, 6.000000, 4, 0.030571, 0.035300, 0.750000, 1.250000, 1.500000, 0.750000, -0.500000, -0.500000, -0.500000, -0.500000, 0.064000, 19.797777, 37.981819, -119.909750, -0.561281, -0.038866, 62.546440, -9.9e+37, -9.9e+37, -9.9e+37, -9.9e+37, -9.9e+37, -9.9e+37, -9.9e+37, -9.9e+37, -9.9e+37, -9.9e+37, 4938, Unclassified, -9.9e+37, 
2014-04-02, 01:05:46, 427.0, 19.8181203798, 19.8181203798, -34.879272, -35.801847, -1.1617, 0.7337, 6.000000, 4, 0.000000, 0.030571, 0.750000, 1.250000, 1.500000, 0.750000, -0.250000, -0.500000, -0.500000, -0.250000, 0.064000, 19.812423, 37.981821, -119.909745, -0.401758, 0.253721, 62.553820, -9.9e+37, -9.9e+37, -9.9e+37, -9.9e+37, -9.9e+37, -9.9e+37, -9.9e+37, -9.9e+37, -9.9e+37, -9.9e+37, 4939, Unclassified, -9.9e+37, 
2014-04-02, 01:05:46, 927.0, 19.8181434446, 19.8181434446, -37.260083, -38.212417, -1.2228, 0.67255, 6.000000, 4, 0.035300, 0.030571, 0.750000, 1.250000, 1.500000, 0.750000, -0.250000, -0.500000, -0.500000, -0.250000, 0.064000, 19.812266, 37.981821, -119.909746, -0.422906, 0.232573, 62.561200, -9.9e+37, -9.9e+37, -9.9e+37, -9.9e+37, -9.9e+37, -9.9e+37, -9.9e+37, -9.9e+37, -9.9e+37, -9.9e+37, 4940, Unclassified, -9.9e+37, 
2014-04-02, 01:05:47, 427.0, 19.8179937043, 19.8179937043, -45.583027, -46.361535, -1.1617, 0.48913, 6.000000, 4, 0.000000, 0.030571, 0.750000, 1.250000, 1.500000, 0.750000, -0.500000, -0.750000, -0.750000, -0.500000, 0.064000, 19.813199, 37.981825, -119.909753, -0.169149, -0.401773, 62.568580, -9.9e+37, -9.9e+37, -9.9e+37, -9.9e+37, -9.9e+37, -9.9e+37, -9.9e+37, -9.9e+37, -9.9e+37, -9.9e+37, 4941, Unclassified, -9.9e+37, 
2014-04-02, 01:05:47, 927.0, 19.8119582596, 19.8119582596, -48.168113, -48.860181, -1.1617, 0.24457, 6.000000, 5, 0.027343, 0.033488, 1.000000, 1.250000, 1.750000, 1.000000, -0.500000, -0.500000, -0.750000, -0.500000, 0.064000, 19.807706, 37.981826, -119.909752, -0.084549, -0.401662, 62.575960, -9.9e+37, -9.9e+37, -9.9e+37, -9.9e+37, -9.9e+37, -9.9e+37, -9.9e+37, -9.9e+37, -9.9e+37, -9.9e+37, 4942, Unclassified, -9.9e+37, 
2014-04-02, 01:05:48, 427.0, 19.8059723034, 19.8059723034, -48.411710, -49.006985, -1.1005, 0, 6.000000, 4, 0.000000, 0.000000, 0.750000, 1.500000, 1.750000, 0.750000, -0.500000, -0.750000, -0.750000, -0.500000, 0.064000, 19.802319, 37.981824, -119.909749, -0.298764, -0.235487, 62.579650, -9.9e+37, -9.9e+37, -9.9e+37, -9.9e+37, -9.9e+37, -9.9e+37, -9.9e+37, -9.9e+37, -9.9e+37, -9.9e+37, 4943, Unclassified, -9.9e+37, 
2014-04-02, 01:05:51, 427.0, 19.4577960012, 19.4577960012, -42.635868, -45.484117, 2.2622, 0.85598, 6.000000, 4, 0.030571, 0.030571, 0.750000, 1.250000, 1.750000, 0.750000, -0.500000, -0.500000, -0.750000, -0.500000, 0.064000, 19.440465, 37.981826, -119.909735, -0.290456, 0.767976, 62.679958, -9.9e+37, -9.9e+37, -9.9e+37, -9.9e+37, -9.9e+37, -9.9e+37, -9.9e+37, -9.9e+37, -9.9e+37, -9.9e+37, 4949, Unclassified, -9.9e+37, 
2014-04-02, 01:05:52, 427.0, 19.7099381459, 19.7099381459, -49.901490, -51.744358, -1.284, -1.4674, 6.000000, 4, 0.000000, 0.000000, 0.750000, 1.250000, 1.750000, 0.750000, -0.500000, -0.750000, -0.750000, -0.500000, 0.064000, 19.698531, 37.981828, -119.909749, -0.034379, -0.669609, 62.716434, -9.9e+37, -9.9e+37, -9.9e+37, -9.9e+37, -9.9e+37, -9.9e+37, -9.9e+37, -9.9e+37, -9.9e+37, -9.9e+37, 4951, Unclassified, -9.9e+37, 
2014-04-02, 01:05:52, 927.0, 19.7100621741, 19.7100621741, -44.665108, -47.499246, -1.5897, -1.8342, 6.000000, 4, 0.030571, 0.000000, 0.750000, 1.250000, 1.500000, 0.750000, -0.500000, -0.750000, -0.750000, -0.500000, 0.064000, 19.692389, 37.981828, -119.909751, -0.038824, -0.833589, 62.734672, -9.9e+37, -9.9e+37, -9.9e+37, -9.9e+37, -9.9e+37, -9.9e+37, -9.9e+37, -9.9e+37, -9.9e+37, -9.9e+37, 4952, Unclassified, -9.9e+37, 
2014-04-02, 01:05:53, 427.0, 19.7100441471, 19.7100441471, -38.487621, -41.208207, -1.3451, -1.9565, 6.000000, 4, 0.000000, 0.000000, 0.750000, 1.250000, 1.500000, 0.750000, -0.500000, -0.750000, -0.750000, -0.500000, 0.064000, 19.693132, 37.981829, -119.909751, 0.053282, -0.814596, 62.752910, -9.9e+37, -9.9e+37, -9.9e+37, -9.9e+37, -9.9e+37, -9.9e+37, -9.9e+37, -9.9e+37, -9.9e+37, -9.9e+37, 4953, Unclassified, -9.9e+37, 
2014-04-02, 01:05:53, 927.0, 19.7099992178, 19.7099992178, -37.220764, -41.137696, -1.8342, -2.2011, 6.000000, 4, 0.115739, 0.076934, 0.750000, 1.250000, 1.500000, 0.750000, -0.500000, -0.750000, -0.750000, -0.500000, 0.064000, 19.685380, 37.981829, -119.909752, -0.026741, -0.984465, 62.771148, -9.9e+37, -9.9e+37, -9.9e+37, -9.9e+37, -9.9e+37, -9.9e+37, -9.9e+37, -9.9e+37, -9.9e+37, -9.9e+37, 4954, Unclassified, -9.9e+37, 
2014-04-02, 01:05:54, 927.0, 19.7098762093, 19.7098762093, -43.496729, -47.181932, -1.4063, -2.3845, 6.000000, 4, 0.152853, 0.076934, 0.750000, 1.250000, 2.000000, 0.750000, -0.500000, -0.500000, -0.750000, -0.500000, 0.064000, 19.686889, 37.981825, -119.909747, -0.809156, -0.500899, 62.807624, -9.9e+37, -9.9e+37, -9.9e+37, -9.9e+37, -9.9e+37, -9.9e+37, -9.9e+37, -9.9e+37, -9.9e+37, -9.9e+37, 4956, Unclassified, -9.9e+37, 
2014-04-02, 01:15:26, 428.0, 26.0821264863, 26.0821264863, -48.223138, -50.847506, -2.0177, 1.1617, 6.000000, 4, 0.104419, 0.000000, 0.750000, 1.750000, 2.000000, 0.750000, -0.250000, -0.500000, -0.500000, -0.250000, 0.064000, 26.060605, 37.982495, -119.909424, -0.918104, 0.528459, 60.859679, -9.9e+37, -9.9e+37, -9.9e+37, -9.9e+37, -9.9e+37, -9.9e+37, -9.9e+37, -9.9e+37, -9.9e+37, -9.9e+37, 6099, Unclassified, -9.9e+37, 
2014-04-02, 01:15:26, 928.0, 26.1060776819, 26.1060776819, -47.513689, -50.065439, -2.2011, 0.61141, 6.000000, 4, 0.030571, 0.000000, 0.750000, 1.500000, 2.000000, 0.750000, -0.250000, -0.500000, -0.500000, -0.250000, 0.064000, 26.085333, 37.982494, -119.909427, -1.002597, 0.278373, 60.848073, -9.9e+37, -9.9e+37, -9.9e+37, -9.9e+37, -9.9e+37, -9.9e+37, -9.9e+37, -9.9e+37, -9.9e+37, -9.9e+37, 6100, Unclassified, -9.9e+37, 
2014-04-02, 01:15:29, 428.0, 26.3098712270, 26.3098712270, -32.986730, -36.733329, -2.7514, 0.24457, 6.000000, 4, 0.105900, 0.030571, 0.750000, 1.500000, 3.000000, 0.750000, -0.500000, -0.750000, -2.000000, -0.500000, 0.064000, 26.279304, 37.982495, -119.909429, -1.262915, 0.112174, 60.835199, -9.9e+37, -9.9e+37, -9.9e+37, -9.9e+37, -9.9e+37, -9.9e+37, -9.9e+37, -9.9e+37, -9.9e+37, -9.9e+37, 6105, Unclassified, -9.9e+37, 
2014-04-02, 01:15:29, 428.0, 28.8780472742, 28.8780472742, -33.697693, -37.228510, -0.55027, 2.6291, 6.000000, 4, 0.000000, 0.030571, 0.750000, 1.250000, 1.500000, 0.750000, -0.500000, -0.750000, -0.750000, -0.500000, 0.064000, 28.846323, 37.982504, -119.909415, -0.277052, 1.324579, 60.835199, -9.9e+37, -9.9e+37, -9.9e+37, -9.9e+37, -9.9e+37, -9.9e+37, -9.9e+37, -9.9e+37, -9.9e+37, -9.9e+37, 6105, Unclassified, -9.9e+37, 
2014-04-02, 01:15:29, 928.0, 26.2379788924, 26.2379788924, -34.617940, -38.338413, 2.7514, 0, 6.000000, 4, 0.000000, 0.000000, 0.750000, 2.750000, 3.000000, 0.750000, -0.500000, -0.750000, -0.750000, -0.500000, 0.064000, 26.207733, 37.982518, -119.909430, 1.259476, 0.000000, 60.826485, -9.9e+37, -9.9e+37, -9.9e+37, -9.9e+37, -9.9e+37, -9.9e+37, -9.9e+37, -9.9e+37, -9.9e+37, -9.9e+37, 6106, Unclassified, -9.9e+37, 
2014-04-02, 01:15:30, 428.0, 26.2378844306, 26.2378844306, -35.652065, -39.055780, 2.6291, -0.12228, 6.000000, 4, 0.000000, 0.030571, 0.750000, 2.750000, 3.250000, 0.750000, -0.500000, -0.500000, -0.750000, -0.500000, 0.064000, 26.210207, 37.982518, -119.909431, 1.203532, -0.055939, 60.821956, -9.9e+37, -9.9e+37, -9.9e+37, -9.9e+37, -9.9e+37, -9.9e+37, -9.9e+37, -9.9e+37, -9.9e+37, -9.9e+37, 6107, Unclassified, -9.9e+37, 
2014-04-02, 01:15:30, 428.0, 28.8778841262, 28.8778841262, -43.103596, -45.601017, -0.7337, 2.1399, 6.000000, 4, 0.061141, 0.058538, 0.750000, 1.000000, 1.500000, 0.750000, -0.500000, -0.500000, -0.750000, -0.500000, 0.064000, 28.855382, 37.982503, -119.909418, -0.369527, 1.078229, 60.821956, -9.9e+37, -9.9e+37, -9.9e+37, -9.9e+37, -9.9e+37, -9.9e+37, -9.9e+37, -9.9e+37, -9.9e+37, -9.9e+37, 6107, Unclassified, -9.9e+37, 
2014-04-02, 01:15:30, 928.0, 26.2500811666, 26.2500811666, -39.405956, -42.809672, 2.6291, -0.12228, 6.000000, 4, 0.035300, 0.000000, 0.750000, 2.750000, 3.250000, 0.750000, -0.500000, -0.750000, -0.750000, -0.500000, 0.064000, 26.222391, 37.982518, -119.909431, 1.204092, -0.055965, 60.819626, -9.9e+37, -9.9e+37, -9.9e+37, -9.9e+37, -9.9e+37, -9.9e+37, -9.9e+37, -9.9e+37, -9.9e+37, -9.9e+37, 6108, Unclassified, -9.9e+37, 
2014-04-02, 01:15:30, 928.0, 28.8900089860, 28.8900089860, -38.397212, -40.607011, -0.67255, 2.0177, 6.000000, 4, 0.000000, 0.030571, 0.750000, 1.250000, 1.750000, 0.750000, -0.500000, -0.750000, -0.750000, -0.500000, 0.064000, 28.870111, 37.982504, -119.909418, -0.338903, 1.017082, 60.819626, -9.9e+37, -9.9e+37, -9.9e+37, -9.9e+37, -9.9e+37, -9.9e+37, -9.9e+37, -9.9e+37, -9.9e+37, -9.9e+37, 6108, Unclassified, -9.9e+37, 
2014-04-02, 01:15:31, 428.0, 26.2499825671, 26.2499825671, -32.123157, -34.978261, 2.3845, -0.36685, 6.000000, 4, 0.000000, 0.000000, 0.750000, 1.250000, 1.500000, 0.750000, -0.500000, -0.750000, -0.750000, -0.500000, 0.064000, 26.226716, 37.982518, -119.909432, 1.092127, -0.167925, 60.814227, -9.9e+37, -9.9e+37, -9.9e+37, -9.9e+37, -9.9e+37, -9.9e+37, -9.9e+37, -9.9e+37, -9.9e+37, -9.9e+37, 6109, Unclassified, -9.9e+37, 
2014-04-02, 01:15:31, 428.0, 28.8899962557, 28.8899962557, -32.037503, -33.775050, -0.79484, 1.712, 6.000000, 4, 0.000000, 0.000000, 0.750000, 1.250000, 1.500000, 0.750000, -0.500000, -0.750000, -0.750000, -0.500000, 0.064000, 28.874325, 37.982505, -119.909420, -0.400587, 0.863005, 60.814227, -9.9e+37, -9.9e+37, -9.9e+37, -9.9e+37, -9.9e+37, -9.9e+37, -9.9e+37, -9.9e+37, -9.9e+37, -9.9e+37, 6109, Unclassified, -9.9e+37, 
2014-04-02, 01:15:31, 928.0, 28.8901240110, 28.8901240110, -32.366428, -33.680891, -0.7337, 1.4674, 6.000000, 4, 0.000000, 0.000000, 0.750000, 1.250000, 1.500000, 0.750000, -0.250000, -0.500000, -0.500000, -0.250000, 0.064000, 28.878283, 37.982505, -119.909422, -0.369820, 0.739761, 60.808555, -9.9e+37, -9.9e+37, -9.9e+37, -9.9e+37, -9.9e+37, -9.9e+37, -9.9e+37, -9.9e+37, -9.9e+37, -9.9e+37, 6110, Unclassified, -9.9e+37, 
2014-04-02, 01:15:32, 428.0, 28.8779524900, 28.8779524900, -44.229763, -45.354032, -0.97826, 1.1617, 6.000000, 4, 0.000000, 0.030571, 0.750000, 1.250000, 1.500000, 0.750000, -0.500000, -0.750000, -0.750000, -0.500000, 0.064000, 28.867810, 37.982505, -119.909436, -0.585384, -0.492935, 60.802408, -9.9e+37, -9.9e+37, -9.9e+37, -9.9e+37, -9.9e+37, -9.9e+37, -9.9e+37, -9.9e+37, -9.9e+37, -9.9e+37, 6111, Unclassified, -9.9e+37, 
2014-04-02, 01:15:34, 428.0, 26.0458747326, 26.0458747326, -49.778673, -52.403040, 2.0177, -1.1617, 6.000000, 4, 0.035300, 0.000000, 0.750000, 1.250000, 2.000000, 0.750000, -0.500000, -0.500000, -0.750000, -0.500000, 0.064000, 26.024383, 37.982520, -119.909434, 0.916828, -0.527725, 60.792847, -9.9e+37, -9.9e+37, -9.9e+37, -9.9e+37, -9.9e+37, -9.9e+37, -9.9e+37, -9.9e+37, -9.9e+37, -9.9e+37, 6115, Unclassified, -9.9e+37, 
2014-04-02, 01:15:34, 928.0, 26.0459674823, 26.0459674823, -43.684385, -46.370613, 1.8954, -1.4063, 6.000000, 4, 0.035300, 0.035300, 0.750000, 1.250000, 1.500000, 0.750000, -0.500000, -0.750000, -0.750000, -0.500000, 0.064000, 26.023886, 37.982520, -119.909436, 0.861204, -0.638853, 60.786920, -9.9e+37, -9.9e+37, -9.9e+37, -9.9e+37, -9.9e+37, -9.9e+37, -9.9e+37, -9.9e+37, -9.9e+37, -9.9e+37, 6116, Unclassified, -9.9e+37, 
2014-04-02, 01:15:35, 428.0, 26.0460851169, 26.0460851169, -34.747423, -37.492492, 1.8342, -1.5285, 6.000000, 4, 0.030571, 0.000000, 0.750000, 1.250000, 1.500000, 0.750000, -0.500000, -0.750000, -0.750000, -0.500000, 0.064000, 26.023485, 37.982521, -119.909436, 0.833391, -0.694420, 60.785450, -9.9e+37, -9.9e+37, -9.9e+37, -9.9e+37, -9.9e+37, -9.9e+37, -9.9e+37, -9.9e+37, -9.9e+37, -9.9e+37, 6117, Unclassified, -9.9e+37, 
2014-04-02, 01:15:35, 928.0, 26.0460282754, 26.0460282754, -35.835805, -38.762505, 1.8342, -1.6508, 6.000000, 4, 0.000000, 0.000000, 0.750000, 1.250000, 1.750000, 0.750000, -0.500000, -0.750000, -0.750000, -0.500000, 0.064000, 26.021889, 37.982522, -119.909437, 0.833340, -0.749958, 60.781519, -9.9e+37, -9.9e+37, -9.9e+37, -9.9e+37, -9.9e+37, -9.9e+37, -9.9e+37, -9.9e+37, -9.9e+37, -9.9e+37, 6118, Unclassified, -9.9e+37, 
2014-04-02, 01:15:36, 428.0, 26.0581052569, 26.0581052569, -39.462239, -42.481149, 1.7731, -1.7731, 6.000000, 4, 0.000000, 0.030571, 0.750000, 1.250000, 1.500000, 0.750000, -0.250000, -0.500000, -0.500000, -0.250000, 0.064000, 26.033170, 37.982525, -119.909430, 1.131794, -0.134054, 60.779879, -9.9e+37, -9.9e+37, -9.9e+37, -9.9e+37, -9.9e+37, -9.9e+37, -9.9e+37, -9.9e+37, -9.9e+37, -9.9e+37, 6119, Unclassified, -9.9e+37, 
2014-04-02, 01:15:36, 928.0, 26.0701439087, 26.0701439087, -39.171788, -42.225288, 1.5897, -1.9565, 6.000000, 4, 0.000000, 0.000000, 0.750000, 1.250000, 1.500000, 0.750000, -0.250000, -0.500000, -0.500000, -0.250000, 0.064000, 26.044929, 37.982525, -119.909431, 1.118434, -0.251326, 60.775638, -9.9e+37, -9.9e+37, -9.9e+37, -9.9e+37, -9.9e+37, -9.9e+37, -9.9e+37, -9.9e+37, -9.9e+37, -9.9e+37, 6120, Unclassified, -9.9e+37, 
2014-04-02, 01:15:37, 428.0, 26.0819473417, 26.0819473417, -40.118785, -42.886806, 1.4674, -1.8954, 6.000000, 4, 0.000000, 0.030571, 0.750000, 1.250000, 1.750000, 0.750000, -0.500000, -0.750000, -0.750000, -0.500000, 0.064000, 26.059138, 37.982525, -119.909431, 1.058100, -0.264052, 60.777144, -9.9e+37, -9.9e+37, -9.9e+37, -9.9e+37, -9.9e+37, -9.9e+37, -9.9e+37, -9.9e+37, -9.9e+37, -9.9e+37, 6121, Unclassified, -9.9e+37, 
2014-04-02, 01:15:37, 928.0, 26.1061937337, 26.1061937337, -40.095398, -43.009963, 1.4063, -2.0177, 6.000000, 4, 0.000000, 0.000000, 0.750000, 1.250000, 1.750000, 0.750000, -0.250000, -0.500000, -0.750000, -0.250000, 0.064000, 26.082160, 37.982526, -119.909431, 1.071661, -0.325294, 60.775787, -9.9e+37, -9.9e+37, -9.9e+37, -9.9e+37, -9.9e+37, -9.9e+37, -9.9e+37, -9.9e+37, -9.9e+37, -9.9e+37, 6122, Unclassified, -9.9e+37, 
2014-04-02, 01:15:37, 928.0, 28.5359161744, 28.5359161744, -48.365142, -49.996154, -1.7731, 0.42799, 6.000000, 5, 0.027343, 0.000000, 1.000000, 1.500000, 2.000000, 1.000000, -0.500000, -0.500000, -0.750000, -0.500000, 0.064000, 28.521458, 37.982509, -119.909432, -0.825307, -0.379226, 60.775787, -9.9e+37, -9.9e+37, -9.9e+37, -9.9e+37, -9.9e+37, -9.9e+37, -9.9e+37, -9.9e+37, -9.9e+37, -9.9e+37, 6122, Unclassified, -9.9e+37, 
2014-04-02, 01:15:38, 428.0, 26.1180409762, 26.1180409762, -42.825607, -45.905667, 1.3451, -2.1399, 6.000000, 4, 0.030571, 0.000000, 0.750000, 1.500000, 1.750000, 0.750000, -0.500000, -0.750000, -0.750000, -0.500000, 0.064000, 26.092644, 37.982522, -119.909438, 0.612681, -0.974994, 60.773456, -9.9e+37, -9.9e+37, -9.9e+37, -9.9e+37, -9.9e+37, -9.9e+37, -9.9e+37, -9.9e+37, -9.9e+37, -9.9e+37, 6123, Unclassified, -9.9e+37, 
2014-04-02, 01:15:38, 428.0, 28.5179745768, 28.5179745768, -47.536455, -49.502782, -1.9565, 0.42799, 6.000000, 4, 0.030571, 0.035300, 0.750000, 1.500000, 1.750000, 0.750000, -0.500000, -0.750000, -0.750000, -0.500000, 0.064000, 28.500555, 37.982508, -119.909424, -0.973613, 0.212899, 60.773456, -9.9e+37, -9.9e+37, -9.9e+37, -9.9e+37, -9.9e+37, -9.9e+37, -9.9e+37, -9.9e+37, -9.9e+37, -9.9e+37, 6123, Unclassified, -9.9e+37, 
2014-04-02, 01:15:38, 928.0, 26.1299004288, 26.1299004288, -46.319577, -49.718565, 1.284, -2.3234, 6.000000, 4, 0.030571, 0.030571, 0.750000, 1.000000, 1.500000, 0.750000, -0.500000, -0.500000, -0.750000, -0.500000, 0.064000, 26.101875, 37.982523, -119.909439, 0.585029, -1.059028, 60.768695, -9.9e+37, -9.9e+37, -9.9e+37, -9.9e+37, -9.9e+37, -9.9e+37, -9.9e+37, -9.9e+37, -9.9e+37, -9.9e+37, 6124, Unclassified, -9.9e+37, 
2014-04-02, 01:15:38, 928.0, 28.5119918162, 28.5119918162, -45.922475, -47.966447, -2.0177, 0.30571, 6.000000, 5, 0.051154, 0.033488, 1.000000, 1.250000, 1.750000, 1.000000, -0.500000, -0.500000, -0.750000, -0.500000, 0.064000, 28.493910, 37.982509, -119.909425, -1.003829, 0.152034, 60.768695, -9.9e+37, -9.9e+37, -9.9e+37, -9.9e+37, -9.9e+37, -9.9e+37, -9.9e+37, -9.9e+37, -9.9e+37, -9.9e+37, 6124, Unclassified, -9.9e+37, 
2014-04-02, 01:15:39, 428.0, 28.4939368981, 28.4939368981, -46.211463, -48.213977, -2.0177, -0.061141, 6.000000, 4, 0.061141, 0.035300, 0.750000, 1.500000, 1.500000, 0.750000, -0.500000, -0.750000, -0.750000, -0.500000, 0.064000, 28.476255, 37.982511, -119.909434, -0.769077, -0.644878, 60.762876, -9.9e+37, -9.9e+37, -9.9e+37, -9.9e+37, -9.9e+37, -9.9e+37, -9.9e+37, -9.9e+37, -9.9e+37, -9.9e+37, 6125, Unclassified, -9.9e+37, 
2014-04-02, 01:15:39, 928.0, 28.4941368902, 28.4941368902, -45.004403, -47.143773, -2.0788, 0.18342, 6.000000, 4, 0.035300, 0.030571, 0.750000, 1.250000, 1.500000, 0.750000, -0.250000, -0.500000, -0.500000, -0.250000, 0.064000, 28.475239, 37.982512, -119.909432, -0.868186, -0.568230, 60.765752, -9.9e+37, -9.9e+37, -9.9e+37, -9.9e+37, -9.9e+37, -9.9e+37, -9.9e+37, -9.9e+37, -9.9e+37, -9.9e+37, 6126, Unclassified, -9.9e+37, 
2014-04-02, 01:15:40, 428.0, 28.4697993663, 28.4697993663, -39.907911, -42.033516, -2.0788, -0.061141, 6.000000, 4, 0.058538, 0.030571, 0.750000, 1.250000, 1.750000, 0.750000, -0.500000, -0.500000, -0.750000, -0.500000, 0.064000, 28.451047, 37.982511, -119.909425, -1.032718, -0.030361, 60.760139, -9.9e+37, -9.9e+37, -9.9e+37, -9.9e+37, -9.9e+37, -9.9e+37, -9.9e+37, -9.9e+37, -9.9e+37, -9.9e+37, 6127, Unclassified, -9.9e+37, 
2014-04-02, 01:15:40, 928.0, 28.4699113280, 28.4699113280, -35.399038, -37.929554, -2.2622, -0.18342, 6.000000, 4, 0.000000, 0.000000, 0.750000, 1.250000, 1.750000, 0.750000, -0.500000, -0.500000, -0.750000, -0.500000, 0.064000, 28.447577, 37.982510, -119.909426, -1.123794, -0.091071, 60.756820, -9.9e+37, -9.9e+37, -9.9e+37, -9.9e+37, -9.9e+37, -9.9e+37, -9.9e+37, -9.9e+37, -9.9e+37, -9.9e+37, 6128, Unclassified, -9.9e+37, 
2014-04-02, 01:19:25, 928.0, 27.4258272720, 27.4258272720, -44.445111, -46.440957, 1.8342, -0.85598, 6.000000, 4, 0.058538, 0.000000, 0.750000, 1.250000, 1.500000, 0.750000, -0.500000, -0.500000, -0.750000, -0.500000, 0.064000, 27.408719, 37.982716, -119.909382, -0.409509, -0.877753, 59.490330, -9.9e+37, -9.9e+37, -9.9e+37, -9.9e+37, -9.9e+37, -9.9e+37, -9.9e+37, -9.9e+37, -9.9e+37, -9.9e+37, 6578, Unclassified, -9.9e+37, 
2014-04-02, 01:19:26, 428.0, 27.4619763073, 27.4619763073, -38.387020, -39.947936, 1.7731, -0.18342, 6.000000, 4, 0.000000, 0.030571, 0.750000, 1.250000, 1.500000, 0.750000, -0.500000, -0.750000, -0.750000, -0.500000, 0.064000, 27.448687, 37.982719, -119.909381, -0.087874, -0.849713, 59.498359, -9.9e+37, -9.9e+37, -9.9e+37, -9.9e+37, -9.9e+37, -9.9e+37, -9.9e+37, -9.9e+37, -9.9e+37, -9.9e+37, 6579, Unclassified, -9.9e+37, 
2014-04-02, 01:19:26, 928.0, 27.4619800108, 27.4619800108, -49.137559, -50.483984, 1.6508, -0.12228, 6.000000, 4, 0.049922, 0.000000, 0.750000, 1.250000, 1.750000, 0.750000, -0.500000, -0.750000, -0.750000, -0.500000, 0.064000, 27.450520, 37.982719, -119.909381, -0.058586, -0.791131, 59.508395, -9.9e+37, -9.9e+37, -9.9e+37, -9.9e+37, -9.9e+37, -9.9e+37, -9.9e+37, -9.9e+37, -9.9e+37, -9.9e+37, 6580, Unclassified, -9.9e+37, 
2014-04-02, 01:19:32, 428.0, 27.2399608389, 27.2399608389, -49.642472, -49.877230, 0.48913, -0.48913, 6.000000, 5, 0.033488, 0.033488, 1.000000, 1.250000, 1.750000, 1.000000, -0.500000, -0.500000, -0.750000, -0.500000, 0.064000, 27.237976, 37.982722, -119.909381, 0.232536, -0.232536, 59.442668, -9.9e+37, -9.9e+37, -9.9e+37, -9.9e+37, -9.9e+37, -9.9e+37, -9.9e+37, -9.9e+37, -9.9e+37, -9.9e+37, 6591, Unclassified, -9.9e+37, 
2014-04-02, 01:19:32, 928.0, 27.2459305356, 27.2459305356, -47.473458, -47.579976, 0.18342, -0.42799, 6.000000, 4, 0.000000, 0.030571, 0.750000, 1.000000, 1.500000, 0.750000, -0.500000, -0.500000, -0.750000, -0.500000, 0.064000, 27.245031, 37.982721, -119.909381, 0.087222, -0.203520, 59.439681, -9.9e+37, -9.9e+37, -9.9e+37, -9.9e+37, -9.9e+37, -9.9e+37, -9.9e+37, -9.9e+37, -9.9e+37, -9.9e+37, 6592, Unclassified, -9.9e+37, 
2014-04-02, 01:19:33, 428.0, 27.2459436734, 27.2459436734, -40.764929, -41.077248, 0.061141, -0.79484, 6.000000, 4, 0.000000, 0.035300, 0.750000, 1.500000, 1.750000, 0.750000, -0.500000, -0.750000, -0.750000, -0.500000, 0.064000, 27.243306, 37.982720, -119.909383, 0.029072, -0.377959, 59.427853, -9.9e+37, -9.9e+37, -9.9e+37, -9.9e+37, -9.9e+37, -9.9e+37, -9.9e+37, -9.9e+37, -9.9e+37, -9.9e+37, 6593, Unclassified, -9.9e+37, 
2014-04-02, 01:19:33, 928.0, 27.2581540676, 27.2581540676, -37.640104, -37.952423, -0.061141, -0.79484, 6.000000, 4, 0.000000, 0.000000, 0.750000, 1.250000, 1.500000, 0.750000, -0.250000, -0.500000, -0.500000, -0.250000, 0.064000, 27.255516, 37.982721, -119.909383, -0.029085, -0.378129, 59.426456, -9.9e+37, -9.9e+37, -9.9e+37, -9.9e+37, -9.9e+37, -9.9e+37, -9.9e+37, -9.9e+37, -9.9e+37, -9.9e+37, 6594, Unclassified, -9.9e+37, 
2014-04-02, 01:19:34, 428.0, 27.2699137145, 27.2699137145, -38.449420, -38.649591, -0.18342, -0.61141, 6.000000, 4, 0.030571, 0.000000, 0.750000, 1.250000, 1.750000, 0.750000, -0.500000, -0.500000, -0.750000, -0.500000, 0.064000, 27.268221, 37.982719, -119.909377, -0.290996, 0.087296, 59.427445, -9.9e+37, -9.9e+37, -9.9e+37, -9.9e+37, -9.9e+37, -9.9e+37, -9.9e+37, -9.9e+37, -9.9e+37, -9.9e+37, 6595, Unclassified, -9.9e+37, 
2014-04-02, 01:19:34, 928.0, 27.2817819501, 27.2817819501, -37.516651, -37.723946, -0.42799, -0.48913, 6.000000, 4, 0.030571, 0.030571, 0.750000, 1.250000, 1.750000, 0.750000, -0.500000, -0.500000, -0.750000, -0.500000, 0.064000, 27.280027, 37.982720, -119.909376, -0.232895, 0.203782, 59.428498, -9.9e+37, -9.9e+37, -9.9e+37, -9.9e+37, -9.9e+37, -9.9e+37, -9.9e+37, -9.9e+37, -9.9e+37, -9.9e+37, 6596, Unclassified, -9.9e+37, 
2014-04-02, 01:19:35, 428.0, 27.2818652620, 27.2818652620, -48.290279, -48.671501, -0.48913, -0.7337, 6.000000, 4, 0.030571, 0.030571, 0.750000, 1.250000, 1.750000, 0.750000, -0.500000, -0.500000, -0.750000, -0.500000, 0.064000, 27.278635, 37.982719, -119.909376, -0.349335, 0.232883, 59.419141, -9.9e+37, -9.9e+37, -9.9e+37, -9.9e+37, -9.9e+37, -9.9e+37, -9.9e+37, -9.9e+37, -9.9e+37, -9.9e+37, 6597, Unclassified, -9.9e+37, 
2014-04-02, 01:39:27, 430.0, 21.5399583619, 21.5399583619, -48.220543, -48.383899, 0.30571, 0.48913, 6.000000, 5, 0.043233, 0.051154, 1.000000, 1.500000, 2.000000, 1.000000, -0.500000, -0.500000, -0.750000, -0.500000, 0.064000, 21.538867, 37.983695, -119.910129, 0.204085, 0.073275, 57.384540, -9.9e+37, -9.9e+37, -9.9e+37, -9.9e+37, -9.9e+37, -9.9e+37, -9.9e+37, -9.9e+37, -9.9e+37, -9.9e+37, 8979, Unclassified, -9.9e+37, 
2014-04-02, 01:39:27, 930.0, 21.5700635115, 21.5700635115, -44.828761, -45.158946, 0.36685, 0.7337, 6.000000, 4, 0.000000, 0.000000, 0.750000, 1.500000, 1.750000, 0.750000, -0.500000, -0.750000, -0.750000, -0.500000, 0.064000, 21.567853, 37.983697, -119.910129, 0.279430, 0.131438, 57.392169, -9.9e+37, -9.9e+37, -9.9e+37, -9.9e+37, -9.9e+37, -9.9e+37, -9.9e+37, -9.9e+37, -9.9e+37, -9.9e+37, 8980, Unclassified, -9.9e+37, 
2014-04-02, 01:39:28, 430.0, 21.5819278300, 21.5819278300, -45.608466, -46.100986, 0.61141, 0.79484, 6.000000, 4, 0.030571, 0.000000, 0.750000, 1.250000, 1.750000, 0.750000, -0.500000, -0.500000, -0.750000, -0.500000, 0.064000, 21.578623, 37.983698, -119.910131, 0.366171, 0.092570, 57.399799, -9.9e+37, -9.9e+37, -9.9e+37, -9.9e+37, -9.9e+37, -9.9e+37, -9.9e+37, -9.9e+37, -9.9e+37, -9.9e+37, 8981, Unclassified, -9.9e+37, 
2014-04-02, 01:39:28, 930.0, 21.6119419518, 21.6119419518, -39.666726, -40.547882, 0.67255, 1.1617, 6.000000, 5, 0.027343, 0.027343, 1.000000, 1.250000, 1.750000, 1.000000, -0.500000, -0.500000, -0.750000, -0.500000, 0.064000, 21.606012, 37.983699, -119.910130, 0.470405, 0.187092, 57.407428, -9.9e+37, -9.9e+37, -9.9e+37, -9.9e+37, -9.9e+37, -9.9e+37, -9.9e+37, -9.9e+37, -9.9e+37, -9.9e+37, 8982, Unclassified, -9.9e+37, 
2014-04-02, 01:41:33, 930.0, 25.8900727062, 25.8900727062, -36.648538, -40.148441, 1.6508, -2.1399, 6.000000, 4, 0.000000, 0.000000, 0.750000, 1.250000, 1.500000, 0.750000, -0.500000, -0.750000, -0.750000, -0.500000, 0.064000, 25.861294, 37.983823, -119.910243, -0.966349, -0.745329, 58.853653, -9.9e+37, -9.9e+37, -9.9e+37, -9.9e+37, -9.9e+37, -9.9e+37, -9.9e+37, -9.9e+37, -9.9e+37, -9.9e+37, 9230, Unclassified, -9.9e+37, 
2014-04-02, 01:41:34, 430.0, 25.8899564408, 25.8899564408, -34.107199, -37.102950, 1.4674, -2.0177, 6.000000, 4, 0.000000, 0.030571, 0.750000, 1.250000, 1.750000, 0.750000, -0.500000, -0.750000, -0.750000, -0.500000, 0.064000, 25.865431, 37.983838, -119.910245, 0.662582, -0.911228, 58.871054, -9.9e+37, -9.9e+37, -9.9e+37, -9.9e+37, -9.9e+37, -9.9e+37, -9.9e+37, -9.9e+37, -9.9e+37, -9.9e+37, 9231, Unclassified, -9.9e+37, 
2014-04-02, 01:41:34, 930.0, 25.8899376987, 25.8899376987, -33.707987, -37.255831, 1.4063, -2.3234, 6.000000, 4, 0.030571, 0.000000, 0.750000, 1.500000, 1.750000, 0.750000, -0.500000, -0.750000, -0.750000, -0.500000, 0.064000, 25.860876, 37.983838, -119.910247, 0.634851, -1.049250, 58.888456, -9.9e+37, -9.9e+37, -9.9e+37, -9.9e+37, -9.9e+37, -9.9e+37, -9.9e+37, -9.9e+37, -9.9e+37, -9.9e+37, 9232, Unclassified, -9.9e+37, 
2014-04-02, 01:41:35, 430.0, 25.8898043824, 25.8898043824, -34.693376, -38.161372, 1.2228, -2.3845, 6.000000, 4, 0.030571, 0.035300, 0.750000, 1.250000, 1.750000, 0.750000, -0.500000, -0.500000, -0.750000, -0.500000, 0.064000, 25.861506, 37.983838, -119.910247, 0.552031, -1.076919, 58.905858, -9.9e+37, -9.9e+37, -9.9e+37, -9.9e+37, -9.9e+37, -9.9e+37, -9.9e+37, -9.9e+37, -9.9e+37, -9.9e+37, 9233, Unclassified, -9.9e+37, 
2014-04-02, 01:41:35, 930.0, 25.9018418024, 25.9018418024, -36.411746, -38.763866, 1.2228, -1.8342, 6.000000, 4, 0.000000, 0.000000, 0.750000, 1.250000, 1.750000, 0.750000, -0.500000, -0.500000, -0.750000, -0.500000, 0.064000, 25.882680, 37.983838, -119.910244, 0.552483, -0.828882, 58.923259, -9.9e+37, -9.9e+37, -9.9e+37, -9.9e+37, -9.9e+37, -9.9e+37, -9.9e+37, -9.9e+37, -9.9e+37, -9.9e+37, 9234, Unclassified, -9.9e+37, 
2014-04-02, 01:41:36, 430.0, 25.9017874225, 25.9017874225, -47.340722, -49.041259, 1.1617, -1.4674, 6.000000, 4, 0.000000, 0.000000, 0.750000, 1.250000, 1.500000, 0.750000, -0.500000, -0.500000, -0.500000, -0.500000, 0.064000, 25.887975, 37.983838, -119.910243, 0.524959, -0.663160, 58.940661, -9.9e+37, -9.9e+37, -9.9e+37, -9.9e+37, -9.9e+37, -9.9e+37, -9.9e+37, -9.9e+37, -9.9e+37, -9.9e+37, 9235, Unclassified, -9.9e+37, 
2014-04-02, 01:41:36, 930.0, 25.9141095445, 25.9141095445, -47.035653, -47.950251, 0.61141, -1.2228, 6.000000, 4, 0.000000, 0.030571, 0.750000, 1.250000, 1.500000, 0.750000, -0.250000, -0.500000, -0.500000, -0.250000, 0.064000, 25.906733, 37.983836, -119.910241, 0.276467, -0.552997, 58.958063, -9.9e+37, -9.9e+37, -9.9e+37, -9.9e+37, -9.9e+37, -9.9e+37, -9.9e+37, -9.9e+37, -9.9e+37, -9.9e+37, 9236, Unclassified, -9.9e+37, 
2014-04-02, 01:41:37, 430.0, 25.9020464862, 25.9020464862, -47.792355, -48.605984, 0.67255, -1.1005, 6.000000, 4, 0.035300, 0.035300, 0.750000, 1.250000, 1.500000, 0.750000, -0.500000, -0.750000, -0.750000, -0.500000, 0.064000, 25.895485, 37.983838, -119.910241, 0.303984, -0.497466, 58.975465, -9.9e+37, -9.9e+37, -9.9e+37, -9.9e+37, -9.9e+37, -9.9e+37, -9.9e+37, -9.9e+37, -9.9e+37, -9.9e+37, 9237, Unclassified, -9.9e+37, 
2014-04-02, 01:41:37, 930.0, 25.9020817796, 25.9020817796, -48.382653, -48.782342, 0.79484, -0.42799, 6.000000, 4, 0.030571, 0.030571, 0.750000, 1.250000, 1.500000, 0.750000, -0.250000, -0.500000, -0.500000, -0.250000, 0.064000, 25.898867, 37.983839, -119.910237, 0.359307, -0.193464, 58.992866, -9.9e+37, -9.9e+37, -9.9e+37, -9.9e+37, -9.9e+37, -9.9e+37, -9.9e+37, -9.9e+37, -9.9e+37, -9.9e+37, 9238, Unclassified, -9.9e+37, 
2014-04-02, 01:41:38, 430.0, 25.8900477296, 25.8900477296, -48.520972, -48.920662, 0.79484, -0.42799, 6.000000, 4, 0.030571, 0.000000, 0.750000, 1.500000, 1.750000, 0.750000, -0.250000, -0.500000, -0.500000, -0.250000, 0.064000, 25.886834, 37.983840, -119.910237, 0.359140, -0.193374, 59.010268, -9.9e+37, -9.9e+37, -9.9e+37, -9.9e+37, -9.9e+37, -9.9e+37, -9.9e+37, -9.9e+37, -9.9e+37, -9.9e+37, 9239, Unclassified, -9.9e+37, 
2014-04-02, 01:41:38, 930.0, 25.8657951773, 25.8657951773, -48.009162, -48.750608, 0.55027, -1.1005, 6.000000, 4, 0.000000, 0.030571, 0.750000, 1.250000, 1.750000, 0.750000, -0.500000, -0.500000, -0.750000, -0.500000, 0.064000, 25.859831, 37.983839, -119.910241, 0.248368, -0.496782, 59.027670, -9.9e+37, -9.9e+37, -9.9e+37, -9.9e+37, -9.9e+37, -9.9e+37, -9.9e+37, -9.9e+37, -9.9e+37, -9.9e+37, 9240, Unclassified, -9.9e+37, 
2014-04-02, 01:41:39, 430.0, 25.8840192252, 25.8840192252, -48.494120, -48.584146, 0.42799, 0, 6.000000, 5, 0.096673, 0.000000, 1.000000, 1.250000, 1.750000, 1.000000, -0.500000, -0.500000, -0.750000, -0.500000, 0.064000, 25.883297, 37.983838, -119.910235, 0.193348, 0.000000, 59.045071, -9.9e+37, -9.9e+37, -9.9e+37, -9.9e+37, -9.9e+37, -9.9e+37, -9.9e+37, -9.9e+37, -9.9e+37, -9.9e+37, 9241, Unclassified, -9.9e+37, 
2014-04-02, 01:41:39, 930.0, 25.8778756606, 25.8778756606, -49.882881, -50.340817, 0.79484, 0.55027, 6.000000, 4, 0.030571, 0.030571, 0.750000, 1.250000, 1.750000, 0.750000, -0.500000, -0.500000, -0.750000, -0.500000, 0.064000, 25.874193, 37.983841, -119.910232, 0.358965, 0.248506, 59.062473, -9.9e+37, -9.9e+37, -9.9e+37, -9.9e+37, -9.9e+37, -9.9e+37, -9.9e+37, -9.9e+37, -9.9e+37, -9.9e+37, 9242, Unclassified, -9.9e+37, 
2014-04-02, 01:41:47, 930.0, 25.1218702388, 25.1218702388, -49.254098, -49.630561, -0.18342, -0.85598, 6.000000, 4, 0.000000, 0.058538, 0.750000, 1.500000, 1.750000, 0.750000, -0.500000, -0.750000, -0.750000, -0.500000, 0.064000, 25.118938, 37.983847, -119.910241, -0.080415, -0.375297, 59.372028, -9.9e+37, -9.9e+37, -9.9e+37, -9.9e+37, -9.9e+37, -9.9e+37, -9.9e+37, -9.9e+37, -9.9e+37, -9.9e+37, 9258, Unclassified, -9.9e+37, 
2014-04-02, 01:42:13, 930.0, 26.4778989502, 26.4778989502, -48.910393, -50.168309, -0.18342, -1.5897, 6.000000, 4, 0.030571, 0.030571, 0.750000, 1.000000, 2.000000, 0.750000, -0.500000, -0.500000, -0.750000, -0.500000, 0.064000, 26.467573, 37.983875, -119.910254, -0.521239, -0.524435, 60.475122, -9.9e+37, -9.9e+37, -9.9e+37, -9.9e+37, -9.9e+37, -9.9e+37, -9.9e+37, -9.9e+37, -9.9e+37, -9.9e+37, 9310, Unclassified, -9.9e+37, 
2014-04-02, 01:42:14, 430.0, 26.5139829157, 26.5139829157, -41.541150, -42.733799, -0.30571, -1.5285, 6.000000, 4, 0.000000, 0.000000, 0.750000, 1.250000, 1.500000, 0.750000, -0.500000, -0.750000, -0.750000, -0.500000, 0.064000, 26.504171, 37.983874, -119.910247, -0.707247, 0.141417, 60.496335, -9.9e+37, -9.9e+37, -9.9e+37, -9.9e+37, -9.9e+37, -9.9e+37, -9.9e+37, -9.9e+37, -9.9e+37, -9.9e+37, 9311, Unclassified, -9.9e+37, 
2014-04-02, 01:42:14, 930.0, 26.5258409854, 26.5258409854, -39.608940, -41.513971, -0.7337, -1.8342, 6.000000, 4, 0.030571, 0.000000, 0.750000, 1.250000, 1.750000, 0.750000, -0.500000, -0.500000, -0.750000, -0.500000, 0.064000, 26.510078, 37.983872, -119.910245, -0.848974, 0.339492, 60.517549, -9.9e+37, -9.9e+37, -9.9e+37, -9.9e+37, -9.9e+37, -9.9e+37, -9.9e+37, -9.9e+37, -9.9e+37, -9.9e+37, 9312, Unclassified, -9.9e+37, 
2014-04-02, 01:42:15, 430.0, 26.5381233682, 26.5381233682, -48.939202, -50.312492, -0.91712, -1.4063, 6.000000, 4, 0.058538, 0.000000, 0.750000, 1.250000, 1.500000, 0.750000, -0.250000, -0.500000, -0.500000, -0.250000, 0.064000, 26.526734, 37.983873, -119.910253, -0.736610, -0.248571, 60.538762, -9.9e+37, -9.9e+37, -9.9e+37, -9.9e+37, -9.9e+37, -9.9e+37, -9.9e+37, -9.9e+37, -9.9e+37, -9.9e+37, 9313, Unclassified, -9.9e+37, 
2014-04-02, 01:45:08, 931.0, 18.8580800609, 18.8580800609, -49.807407, -52.575428, 1.8954, 1.4674, 6.000000, 6, 0.033488, 0.071477, 1.250000, 1.500000, 2.250000, 1.250000, -0.500000, -0.500000, -0.750000, -0.500000, 0.064000, 18.841588, 37.983858, -119.910348, 0.482655, -0.623521, 61.671411, -9.9e+37, -9.9e+37, -9.9e+37, -9.9e+37, -9.9e+37, -9.9e+37, -9.9e+37, -9.9e+37, -9.9e+37, -9.9e+37, 9660, Unclassified, -9.9e+37, 
2014-04-02, 01:45:09, 431.0, 18.8700792367, 18.8700792367, -47.901045, -49.494388, 0.7337, 1.6508, 6.000000, 6, 0.031573, 0.046025, 1.250000, 1.500000, 2.000000, 1.250000, -0.500000, -0.500000, -0.750000, -0.500000, 0.064000, 18.860702, 37.983856, -119.910335, 0.241533, 0.543570, 61.669449, -9.9e+37, -9.9e+37, -9.9e+37, -9.9e+37, -9.9e+37, -9.9e+37, -9.9e+37, -9.9e+37, -9.9e+37, -9.9e+37, 9661, Unclassified, -9.9e+37, 
2014-04-02, 01:45:09, 931.0, 18.8698125919, 18.8698125919, -47.239027, -48.765596, -0.42799, 1.712, 6.000000, 4, 0.000000, 0.000000, 0.750000, 1.250000, 1.750000, 0.750000, -0.500000, -0.500000, -0.750000, -0.500000, 0.064000, 18.860864, 37.983853, -119.910335, -0.140890, 0.563718, 61.656541, -9.9e+37, -9.9e+37, -9.9e+37, -9.9e+37, -9.9e+37, -9.9e+37, -9.9e+37, -9.9e+37, -9.9e+37, -9.9e+37, 9662, Unclassified, -9.9e+37, 
